,OverallQual,GrLivArea,GarageCars,GarageArea,TotalBsmtSF,1stFlrSF,FullBath,TotRmsAbvGrd,YearBuilt,YearRemodAdd,Fireplaces,LotArea,SalePrice
OverallQual,1.0,0.5930074300286512,0.6006707165907149,0.5620217566126083,0.5378084986123907,0.4762238290781779,0.5505997093682543,0.42745234327798975,0.5723227689623621,0.5506839241941717,0.39676503795208906,0.10580574175496422,0.7909816005838053
GrLivArea,0.5930074300286512,1.0,0.4672474187951873,0.4689974773229655,0.4548682025479031,0.5660239689357486,0.6300116462511148,0.8254893743088425,0.19900971367645862,0.28738851965033285,0.46167913376144704,0.2631161671671481,0.7086244776126515
GarageCars,0.6006707165907149,0.4672474187951873,1.0,0.882475414281462,0.4345848342916887,0.4393168079906709,0.469672043267628,0.36228857081477467,0.5378500917111049,0.420622154943217,0.3007887663013562,0.1548707397535407,0.6404091972583519
GarageArea,0.5620217566126083,0.4689974773229655,0.882475414281462,1.0,0.4866654637737961,0.4897816541041918,0.4056562084540099,0.33782212063683786,0.47895381989349095,0.3715998094973089,0.2691412380738721,0.1804027551511169,0.6234314389183622
TotalBsmtSF,0.5378084986123907,0.4548682025479031,0.4345848342916887,0.4866654637737961,1.0,0.8195299750050339,0.3237224136066502,0.28557256372579454,0.3914520020660953,0.2910655826041662,0.33951932389865597,0.26083313454515733,0.6135805515591943
1stFlrSF,0.4762238290781779,0.5660239689357486,0.4393168079906709,0.4897816541041918,0.8195299750050339,1.0,0.3806374949735071,0.40951597886683183,0.2819858586998021,0.24037926760355469,0.41053108465984556,0.29947457850776277,0.6058521846919153
FullBath,0.5505997093682543,0.6300116462511148,0.469672043267628,0.4056562084540099,0.3237224136066502,0.3806374949735071,1.0,0.5547842535334836,0.46827078717267423,0.4390464838723479,0.2436705030799116,0.12603062651964364,0.5606637627484453
TotRmsAbvGrd,0.42745234327798975,0.8254893743088425,0.36228857081477467,0.33782212063683786,0.28557256372579454,0.40951597886683183,0.5547842535334836,1.0,0.09558912829795208,0.19173981629280704,0.3261144801772001,0.190014777625409,0.5337231555820284
YearBuilt,0.5723227689623621,0.19900971367645862,0.5378500917111049,0.47895381989349095,0.3914520020660953,0.2819858586998021,0.46827078717267423,0.09558912829795208,1.0,0.5928549763436519,0.14771639941245646,0.014227651757024961,0.5228973328794967
YearRemodAdd,0.5506839241941717,0.28738851965033285,0.420622154943217,0.3715998094973089,0.2910655826041662,0.24037926760355469,0.4390464838723479,0.19173981629280704,0.5928549763436519,1.0,0.11258131843947561,0.013788427078155373,0.5071009671113866
Fireplaces,0.39676503795208906,0.46167913376144704,0.3007887663013562,0.2691412380738721,0.33951932389865597,0.41053108465984556,0.2436705030799116,0.3261144801772001,0.14771639941245646,0.11258131843947561,1.0,0.27136400962454177,0.46692883675152763
LotArea,0.10580574175496422,0.2631161671671481,0.1548707397535407,0.1804027551511169,0.26083313454515733,0.29947457850776277,0.12603062651964364,0.190014777625409,0.014227651757024961,0.013788427078155373,0.27136400962454177,1.0,0.2638433538714051
SalePrice,0.7909816005838053,0.7086244776126515,0.6404091972583519,0.6234314389183622,0.6135805515591943,0.6058521846919153,0.5606637627484453,0.5337231555820284,0.5228973328794967,0.5071009671113866,0.46692883675152763,0.2638433538714051,1.0
