Id,OverallQual,GrLivArea,GarageCars,TotalBsmtSF,FullBath,YearBuilt,YearRemodAdd,Fireplaces,LotArea,Neighborhood,ExterQual,KitchenQual,CentralAir,SalePrice
c,c,c,c,c,c,c,c,c,c,d,d,d,d,c
meta,,,,,,,,,,,,,,class
1,7,1710,2,856,2,2003,2003,0,8450,CollgCr,Gd,Gd,Y,208500
2,6,1262,2,1262,2,1976,1976,1,9600,Veenker,TA,TA,Y,181500
3,7,1786,2,920,2,2001,2002,1,11250,CollgCr,Gd,Gd,Y,223500
4,7,1717,3,756,1,1915,1970,1,9550,Crawfor,TA,Gd,Y,140000
5,8,2198,3,1145,2,2000,2000,1,14260,NoRidge,Gd,Gd,Y,250000
6,5,1362,2,796,1,1993,1995,0,14115,Mitchel,TA,TA,Y,143000
7,8,1694,2,1686,2,2004,2005,1,10084,Somerst,Gd,Gd,Y,307000
8,7,2090,2,1107,2,1973,1973,2,10382,NWAmes,TA,TA,Y,200000
9,7,1774,2,952,2,1931,1950,2,6120,OldTown,TA,TA,Y,129900
10,5,1077,1,991,1,1939,1950,2,7420,BrkSide,TA,TA,Y,118000
11,5,1040,1,1040,1,1965,1965,0,11200,Sawyer,TA,TA,Y,129500
12,9,2324,3,1175,3,2005,2006,2,11924,NridgHt,Ex,Ex,Y,345000
13,5,912,1,912,1,1962,1962,0,12968,Sawyer,TA,TA,Y,144000
14,7,1494,3,1494,2,2006,2007,1,10652,CollgCr,Gd,Gd,Y,279500
15,6,1253,1,1253,1,1960,1960,1,10920,NAmes,TA,TA,Y,157000
16,7,854,2,832,1,1929,2001,0,6120,BrkSide,TA,TA,Y,132000
17,6,1004,2,1004,1,1970,1970,1,11241,NAmes,TA,TA,Y,149000
18,4,1296,2,0,2,1967,1967,0,10791,Sawyer,TA,TA,Y,90000
19,5,1114,2,1114,1,2004,2004,0,13695,SawyerW,TA,Gd,Y,159000
20,5,1339,1,1029,1,1958,1965,0,7560,NAmes,TA,TA,Y,139000
21,8,2376,3,1158,3,2005,2006,1,14215,NridgHt,Gd,Gd,Y,325300
22,7,1108,1,637,1,1930,1950,1,7449,IDOTRR,TA,Gd,Y,139400
23,8,1795,2,1777,2,2002,2002,1,9742,CollgCr,Gd,Gd,Y,230000
24,5,1060,2,1040,1,1976,1976,1,4224,MeadowV,TA,TA,Y,129900
25,5,1060,1,1060,1,1968,2001,1,8246,Sawyer,TA,Gd,Y,154000
26,8,1600,3,1566,2,2007,2007,1,14230,NridgHt,Gd,Gd,Y,256300
27,5,900,2,900,1,1951,2000,0,7200,NAmes,TA,Gd,Y,134800
28,8,1704,3,1704,2,2007,2008,1,11478,NridgHt,Gd,Gd,Y,306000
29,5,1600,1,1484,1,1957,1997,2,16321,NAmes,TA,TA,Y,207500
30,4,520,1,520,1,1927,1950,0,6324,BrkSide,TA,Fa,N,68500
31,4,1317,1,649,1,1920,1950,0,8500,IDOTRR,TA,TA,N,40000
32,5,1228,1,1228,1,1966,2006,0,8544,Sawyer,TA,Gd,Y,149350
33,8,1234,2,1234,2,2007,2007,0,11049,CollgCr,Gd,Gd,Y,179900
34,5,1700,2,1398,1,1959,1959,1,10552,NAmes,TA,Gd,Y,165500
35,9,1561,2,1561,2,2005,2005,1,7313,NridgHt,Ex,Ex,Y,277500
36,8,2452,3,1117,3,2004,2005,1,13418,NridgHt,Gd,Gd,Y,309000
37,5,1097,2,1097,1,1994,1995,0,10859,CollgCr,TA,TA,Y,145000
38,5,1297,2,1297,1,1954,1990,1,8532,NAmes,TA,TA,Y,153000
39,5,1057,1,1057,1,1953,2007,0,7922,NAmes,TA,Gd,Y,109000
40,4,1152,0,0,2,1955,1955,0,6040,Edwards,TA,Fa,N,82000
41,6,1324,2,1088,2,1965,1965,1,8658,NAmes,TA,TA,Y,160000
42,5,1328,1,1350,1,1959,1959,2,16905,Timber,TA,TA,Y,170000
43,5,884,2,840,1,1983,1983,0,9180,SawyerW,TA,Gd,Y,144000
44,5,938,1,938,1,1975,1980,0,9200,CollgCr,TA,TA,Y,130250
45,5,1150,1,1150,1,1959,1959,0,7945,NAmes,TA,TA,Y,141000
46,9,1752,2,1752,2,2005,2005,1,7658,NridgHt,Ex,Ex,Y,319900
47,7,2149,2,1434,1,2003,2003,1,12822,Mitchel,Gd,Gd,Y,239686
48,8,1656,3,1656,2,2006,2006,0,11096,Somerst,Gd,Gd,Y,249700
49,4,1452,0,736,2,1920,2008,0,4456,OldTown,TA,TA,Y,113000
50,5,955,1,955,1,1966,1966,0,7742,Sawyer,TA,TA,Y,127000
51,6,1470,2,794,2,1997,1997,0,13869,Gilbert,TA,TA,Y,177000
52,6,1176,2,816,1,1934,1950,1,6240,BrkSide,TA,TA,Y,114500
53,5,816,2,816,1,1963,1963,0,8472,IDOTRR,Fa,TA,N,110000
54,9,1842,3,1842,0,1981,1987,1,50271,Veenker,Gd,Gd,Y,385000
55,5,1360,2,384,1,1955,1955,1,7134,NAmes,TA,TA,Y,130000
56,6,1425,2,1425,2,1964,1964,1,10175,NAmes,TA,TA,Y,180500
57,8,1739,2,970,2,1999,2000,0,2645,Somerst,Gd,Gd,Y,172500
58,7,1720,2,860,2,2004,2004,0,11645,CollgCr,Gd,Gd,Y,196500
59,10,2945,3,1410,3,2006,2006,1,13682,StoneBr,Ex,Gd,Y,438780
60,5,780,1,780,1,1972,1972,0,7200,CollgCr,TA,TA,Y,124900
61,6,1158,2,1158,1,2004,2004,0,13072,SawyerW,TA,Gd,Y,158000
62,5,1111,1,530,1,1920,1996,0,7200,IDOTRR,TA,Fa,N,101000
63,8,1370,2,1370,2,2006,2006,1,6442,NridgHt,Gd,Gd,Y,202500
64,7,1710,2,576,2,1921,1950,0,10300,OldTown,TA,TA,Y,140000
65,7,2034,2,1057,2,1997,1998,0,9375,CollgCr,TA,Gd,Y,219500
66,8,2473,3,1143,2,2004,2005,1,9591,NridgHt,Gd,Gd,Y,317000
67,7,2207,2,1947,2,1970,1989,1,19900,NAmes,TA,TA,Y,180000
68,7,1479,2,1453,2,2003,2003,0,10665,CollgCr,Gd,Gd,Y,226000
69,4,747,1,747,1,1945,1950,0,4608,OldTown,TA,TA,Y,80000
70,7,2287,2,1304,2,1953,1953,1,15593,ClearCr,Gd,TA,Y,225000
71,7,2223,2,2223,2,1973,1973,2,13651,NAmes,TA,TA,Y,244000
72,4,845,2,845,1,1982,2006,0,7599,Mitchel,TA,TA,Y,129500
73,7,1718,2,832,2,1998,1998,1,10141,Gilbert,TA,TA,Y,185000
74,5,1086,2,1086,1,1954,2003,0,10200,NAmes,TA,TA,Y,144900
75,3,1605,1,840,2,1915,1950,0,5790,OldTown,Gd,TA,N,107400
76,4,988,1,462,1,1973,1973,0,1596,MeadowV,TA,TA,Y,91000
77,4,952,1,952,1,1956,1956,0,8475,NAmes,TA,TA,Y,135750
78,5,1285,1,672,1,1948,2001,0,8635,BrkSide,TA,TA,Y,127000
79,4,1768,0,1768,2,1968,1968,0,10778,Sawyer,TA,TA,N,136500
80,5,1230,2,440,1,1910,1981,0,10440,OldTown,TA,TA,Y,110000
81,6,2142,1,896,2,1968,1968,1,13000,NAmes,TA,Gd,Y,193500
82,6,1337,2,1237,2,1998,1998,0,4500,Mitchel,TA,TA,Y,153500
83,8,1563,3,1563,2,2007,2007,1,10206,Somerst,TA,Gd,Y,245000
84,5,1065,2,1065,1,1960,1960,0,8892,NAmes,TA,TA,Y,126500
85,7,1474,2,384,2,1995,1996,1,8530,Gilbert,TA,TA,Y,168500
86,8,2417,2,1288,2,1991,1992,1,16059,NoRidge,Gd,Gd,Y,260000
87,6,1560,2,684,2,2005,2005,1,11911,Gilbert,Gd,Gd,Y,174000
88,6,1224,2,612,2,2009,2009,0,3951,Somerst,Gd,Gd,Y,164500
89,3,1526,0,1013,1,1915,1982,0,8470,IDOTRR,Fa,Fa,N,85000
90,4,990,0,990,1,1994,1995,0,8070,CollgCr,TA,TA,Y,123600
91,4,1040,2,0,1,1950,1950,0,7200,NAmes,TA,TA,Y,109900
92,5,1235,2,1235,1,1961,1961,0,8500,NAmes,TA,TA,Y,98600
93,5,964,2,876,1,1921,2006,0,13360,Crawfor,TA,TA,Y,163500
94,6,2291,2,1214,2,1910,1998,1,7200,OldTown,TA,TA,N,133900
95,6,1786,2,824,2,1997,1997,0,9337,CollgCr,TA,Gd,Y,204750
96,6,1470,2,680,2,1993,1993,1,9765,Gilbert,Ex,TA,Y,185000
97,7,1588,2,1588,2,1999,1999,0,10264,CollgCr,Gd,Gd,Y,214000
98,4,960,1,960,1,1965,1965,0,10921,Edwards,TA,TA,Y,94750
99,5,835,1,458,1,1920,1950,0,10625,Edwards,TA,TA,N,83000
100,4,1225,0,950,1,1959,1959,0,9320,NAmes,TA,TA,Y,128950
101,6,1610,2,1610,2,1977,2001,2,10603,NWAmes,TA,Gd,Y,205000
102,6,1732,2,741,2,1985,1985,1,9206,SawyerW,Gd,Gd,Y,178000
103,5,1535,2,0,2,1979,1979,0,7018,SawyerW,TA,TA,Y,118964
104,7,1226,3,1226,2,2009,2009,0,10402,CollgCr,TA,Gd,Y,198900
105,7,1818,1,1040,1,1931,1950,2,7758,IDOTRR,TA,TA,Y,169500
106,8,1992,2,1053,2,2003,2004,1,9375,Somerst,Gd,Gd,Y,250000
107,4,1047,1,641,1,1885,1995,0,10800,OldTown,TA,TA,Y,100000
108,5,789,1,789,1,1948,1950,0,6000,OldTown,TA,TA,Y,115000
109,5,1517,0,793,2,1919,2005,0,8500,IDOTRR,TA,Fa,N,115000
110,6,1844,2,1844,2,1977,1977,1,11751,NWAmes,TA,TA,Y,190000
111,6,1855,1,994,2,1954,1972,0,9525,Edwards,TA,TA,Y,136900
112,7,1430,2,384,2,2000,2000,1,7750,Gilbert,TA,TA,Y,180000
113,7,2696,3,1264,2,2007,2007,1,9965,CollgCr,Gd,Ex,Y,383970
114,6,2259,2,1809,2,1953,1953,2,21000,Crawfor,TA,Gd,Y,217000
115,6,2320,1,1028,2,1945,2002,1,7259,Crawfor,TA,Gd,Y,259500
116,6,1458,2,729,2,1999,1999,1,3230,Somerst,TA,TA,Y,176000
117,5,1092,1,1092,1,1962,1962,1,11616,Sawyer,TA,TA,Y,139000
118,5,1125,2,1125,1,2006,2007,0,8536,Edwards,TA,TA,Y,155000
119,7,3222,3,1673,3,1990,1990,2,12376,SawyerW,TA,Gd,Y,320000
120,6,1456,2,728,2,2005,2006,1,8461,CollgCr,Gd,Gd,Y,163990
121,6,988,2,938,1,1969,1969,2,21453,ClearCr,TA,TA,Y,180000
122,4,1123,1,732,1,1939,1950,0,6060,IDOTRR,TA,TA,Y,100000
123,6,1080,1,1080,1,1958,1958,0,9464,NAmes,TA,TA,Y,136000
124,6,1199,2,1199,2,1993,1993,0,7892,SawyerW,Gd,Gd,Y,153900
125,6,1586,2,1362,2,1979,1998,1,17043,NWAmes,TA,TA,Y,181000
126,6,754,0,520,1,1935,1982,0,6780,IDOTRR,TA,TA,N,84500
127,6,958,2,1078,2,1976,1976,1,4928,NPkVill,TA,TA,Y,128000
128,5,840,0,672,1,1930,1950,1,4388,OldTown,TA,TA,Y,87000
129,6,1348,2,660,1,1966,1966,1,7590,NAmes,TA,TA,Y,155000
130,5,1053,2,1008,1,1958,1991,0,8973,NAmes,TA,Ex,Y,150000
131,7,2157,2,924,2,1966,1966,2,14200,NAmes,TA,Gd,Y,226000
132,6,2054,2,992,2,2000,2000,1,12224,Gilbert,Gd,Gd,Y,244000
133,5,1327,2,1063,1,1959,2002,0,7388,NAmes,TA,Gd,Y,150750
134,8,1296,2,1267,2,2001,2002,0,6853,Timber,Gd,Gd,Y,220000
135,5,1721,2,1461,2,1968,1993,1,10335,Sawyer,TA,TA,Y,180000
136,7,1682,2,1304,2,1970,1970,1,10400,NWAmes,TA,TA,Y,174000
137,5,1214,1,1214,2,1967,1967,1,10355,NAmes,TA,TA,Y,143000
138,7,1959,3,1907,3,1988,1989,0,11070,Mitchel,TA,TA,Y,171000
139,8,1852,3,1004,2,1999,2000,2,9066,CollgCr,Gd,Gd,Y,230000
140,6,1764,2,928,2,1997,1997,0,15426,CollgCr,TA,Gd,Y,231500
141,4,864,0,864,1,1971,1971,1,10500,NAmes,TA,TA,Y,115000
142,7,1734,2,1734,2,2005,2005,0,11645,CollgCr,Gd,Gd,Y,260000
143,5,1385,2,910,2,1952,1952,0,8520,NAmes,TA,TA,Y,166000
144,7,1501,2,1490,2,1999,1999,0,10335,CollgCr,Gd,Gd,Y,204000
145,5,1728,2,1728,2,1963,1963,0,9100,Sawyer,TA,TA,Y,125000
146,6,1709,2,970,2,2004,2006,0,2522,Edwards,Gd,Gd,Y,130000
147,5,875,1,715,1,1931,1993,0,6120,BrkSide,TA,TA,Y,105000
148,7,2035,2,884,2,2001,2001,1,9505,Gilbert,Gd,Gd,Y,222500
149,7,1080,0,1080,1,2004,2005,0,7500,SawyerW,TA,Gd,Y,141000
150,5,1344,1,896,1,1936,1950,0,6240,BrkSide,TA,TA,Y,115000
151,5,969,2,969,1,1975,1975,0,10356,CollgCr,TA,TA,Y,122000
152,8,1710,3,1710,2,2007,2008,1,13891,NridgHt,Gd,Gd,Y,372402
153,6,1993,2,825,2,1971,1971,1,14803,NWAmes,TA,TA,Y,190000
154,6,1252,2,1602,1,1960,1975,1,13500,ClearCr,TA,TA,Y,235000
155,6,1200,1,1200,1,1923,1950,0,11340,OldTown,TA,TA,Y,125000
156,6,1096,0,572,1,1924,1950,0,9600,Edwards,TA,TA,N,79000
157,5,1040,2,0,1,1950,1950,0,7200,NAmes,TA,TA,Y,109500
158,8,1968,3,774,2,2009,2010,1,12003,Timber,Gd,Ex,Y,269500
159,7,1947,2,991,2,2004,2005,1,12552,Somerst,Gd,Gd,Y,254900
160,7,2462,2,1392,2,2005,2006,1,19378,Gilbert,Gd,Gd,Y,320000
161,6,1232,2,1232,2,1984,1984,0,11120,Veenker,TA,TA,Y,162500
162,9,2668,3,1572,2,2003,2004,2,13688,NridgHt,Gd,Ex,Y,412500
163,7,1541,2,1541,2,2005,2005,1,12182,NridgHt,Gd,Gd,Y,220000
164,4,882,0,882,1,1956,1956,0,5500,OldTown,TA,TA,Y,103200
165,6,1616,1,1149,2,1926,2004,0,5400,OldTown,TA,Gd,Y,152000
166,5,1355,0,644,2,1940,1999,0,10106,Edwards,TA,TA,Y,127500
167,5,1867,1,1617,1,1955,1993,3,10708,ClearCr,Gd,TA,Y,190000
168,8,2161,3,1582,1,2007,2007,1,10562,NridgHt,Gd,Ex,Y,325624
169,7,1720,2,840,2,2004,2004,1,8244,Gilbert,Gd,Gd,Y,183500
170,8,1707,2,1686,2,1981,1981,1,16669,Timber,Gd,TA,Y,228000
171,5,1382,2,720,1,1941,1950,0,12358,OldTown,TA,TA,Y,128500
172,6,1656,2,1080,1,1960,1960,2,31770,NAmes,TA,TA,Y,215000
173,7,1767,2,1064,2,1987,1987,1,5306,StoneBr,Gd,Gd,Y,239000
174,6,1362,2,1362,1,1961,1961,1,10197,NAmes,TA,TA,Y,163000
175,6,1651,2,1606,2,1986,1986,1,12416,Timber,TA,TA,Y,184000
176,6,2158,2,1202,2,1950,2001,1,12615,Edwards,TA,Gd,Y,243000
177,6,2060,2,1151,2,1988,1989,1,10029,ClearCr,Gd,TA,Y,211000
178,5,1920,2,1052,2,1958,1958,1,13650,Sawyer,Gd,Gd,Y,172500
179,9,2234,3,2216,2,2008,2009,1,17423,StoneBr,Ex,Ex,Y,501837
180,5,968,2,968,1,1923,2006,0,8520,OldTown,Gd,TA,Y,100000
181,6,1525,2,756,2,2000,2000,1,2117,Somerst,Gd,Gd,Y,177000
182,7,1802,1,793,1,1920,1950,1,7588,Crawfor,TA,TA,Y,200100
183,5,1340,1,0,1,1957,2006,1,9060,Edwards,TA,TA,Y,120000
184,7,2082,2,1362,2,2003,2003,0,11426,OldTown,TA,Gd,Y,200000
185,5,1252,2,504,1,1908,1991,0,7438,BrkSide,TA,TA,Y,127000
186,10,3608,3,1107,2,1892,1993,2,22950,OldTown,Gd,Ex,Y,475000
187,7,1217,2,1188,2,1990,1991,0,9947,Mitchel,TA,Gd,Y,173000
188,5,1656,1,660,2,1916,1987,0,10410,OldTown,TA,TA,Y,135000
189,5,1224,2,1086,0,1979,1979,2,7018,SawyerW,TA,TA,Y,153337
190,8,1593,2,1593,1,2001,2002,1,4923,StoneBr,Gd,Ex,Y,286000
191,8,2727,2,853,2,1932,1994,2,10570,Crawfor,Gd,Gd,Y,315000
192,7,1479,2,725,1,1972,2004,0,7472,NAmes,TA,Gd,Y,184000
193,7,1431,2,1431,2,1999,1999,0,9017,CollgCr,Gd,Gd,Y,192000
194,7,1709,2,970,2,2004,2004,0,2522,Edwards,Gd,Gd,Y,130000
195,5,864,1,864,1,1972,1972,0,7180,CollgCr,TA,TA,Y,127000
196,6,1456,2,855,2,1976,1976,1,2280,NPkVill,TA,TA,Y,148500
197,7,1726,3,1726,2,2007,2007,1,9416,Somerst,Ex,Ex,Y,311872
198,8,3112,2,1360,2,1918,1990,1,25419,NAmes,Gd,Gd,Y,235000
199,6,2229,0,755,1,1912,1950,0,5520,OldTown,TA,TA,Y,104000
200,8,1713,3,1713,2,2004,2005,1,9591,NridgHt,Gd,Ex,Y,274900
201,4,1121,2,1121,2,2003,2004,0,8546,Edwards,TA,TA,Y,140000
202,6,1279,2,1196,2,1977,1977,2,10125,Mitchel,TA,TA,Y,171500
203,6,1310,1,617,2,1924,1950,0,7000,OldTown,TA,TA,Y,112000
204,6,848,2,848,1,2004,2004,1,4438,CollgCr,Gd,Gd,Y,149000
205,5,1284,1,720,1,1947,1950,0,3500,OldTown,TA,TA,Y,110000
206,7,1442,2,1424,2,1990,1990,0,11851,Gilbert,TA,TA,Y,180500
207,5,1696,1,1140,1,1962,1962,1,13673,Sawyer,TA,TA,Y,143900
208,4,1100,1,1100,1,1960,1960,1,12493,NAmes,TA,TA,Y,141000
209,7,2062,2,1157,2,1988,1989,1,14364,SawyerW,Gd,TA,Y,277000
210,6,1092,2,1092,1,1964,1964,0,8250,NAmes,TA,TA,Y,145000
211,5,864,0,864,1,1925,1950,0,5604,Edwards,TA,TA,N,98000
212,6,1212,2,1212,2,2009,2009,0,10420,Edwards,TA,Gd,Y,186000
213,7,1852,2,900,2,2009,2009,1,8640,Somerst,TA,Gd,Y,252678
214,5,990,2,990,1,1995,1995,0,13568,CollgCr,TA,TA,Y,156000
215,6,1392,1,689,1,1977,1977,0,10900,CollgCr,TA,TA,Y,161750
216,5,1236,1,1070,1,1957,1996,1,10011,NAmes,TA,Gd,Y,134450
217,7,1436,2,1436,2,2004,2004,0,8450,CollgCr,Gd,Gd,Y,210000
218,4,1328,1,686,1,1925,1950,0,9906,OldTown,TA,TA,N,107000
219,7,1954,2,798,1,1939,2006,2,15660,Crawfor,Gd,Gd,Y,311500
220,7,1248,2,1248,2,2005,2006,0,3010,Blmngtn,Gd,Gd,Y,167240
221,7,1498,2,1498,2,2006,2006,0,8990,CollgCr,Gd,Gd,Y,204900
222,6,2267,2,1010,2,2002,2002,1,8068,Gilbert,Gd,Gd,Y,200000
223,6,1552,2,713,2,1975,1975,1,11475,NWAmes,TA,TA,Y,179900
224,4,864,2,864,1,1971,1971,0,10500,NAmes,TA,TA,Y,97000
225,10,2392,3,2392,2,2003,2003,1,13472,NridgHt,Ex,Ex,Y,386250
226,5,1302,1,630,2,1971,1971,0,1680,BrDale,TA,TA,Y,112000
227,7,2520,3,1203,2,1995,1995,1,9950,NoRidge,Gd,Gd,Y,290000
228,6,987,1,483,1,1970,1970,0,1869,BrDale,TA,TA,Y,106000
229,5,912,1,912,1,1967,1967,1,8521,Sawyer,TA,TA,Y,125000
230,7,1555,2,1373,2,2005,2006,1,3182,Blmngtn,Gd,Gd,Y,192500
231,6,1194,1,1194,1,1959,1959,0,8760,NAmes,TA,TA,Y,148000
232,8,2794,3,1462,2,1995,1996,1,15138,NoRidge,Gd,Ex,Y,403000
233,6,987,1,483,1,1972,1972,1,1680,BrDale,TA,TA,Y,94500
234,5,894,1,894,1,1976,1976,0,10650,CollgCr,TA,TA,Y,128200
235,6,1960,2,860,2,2002,2002,2,7851,Gilbert,Gd,Gd,Y,216500
236,6,987,1,483,1,1971,1971,0,1680,BrDale,TA,TA,Y,89500
237,7,1414,2,1414,2,2004,2004,0,8773,CollgCr,Gd,Gd,Y,185500
238,7,1744,2,996,2,1993,2003,0,9453,SawyerW,Gd,Gd,Y,194500
239,8,1694,3,1694,2,2007,2007,0,12030,NridgHt,Ex,Gd,Y,318000
240,6,1487,1,735,1,1945,1950,1,8741,Edwards,TA,TA,Y,113000
241,8,1566,2,1566,2,2008,2008,0,9000,Somerst,Gd,Gd,Y,262500
242,5,866,0,686,1,1945,1997,0,3880,OldTown,TA,Gd,Y,110500
243,5,1440,1,540,1,1900,1950,0,5000,OldTown,TA,TA,N,79000
244,6,1217,1,626,1,1980,1980,1,10762,SawyerW,TA,TA,Y,120000
245,7,2110,2,948,2,1994,2002,2,8880,SawyerW,Gd,Gd,Y,205000
246,7,1872,2,1845,2,1988,1988,1,10400,NWAmes,TA,TA,Y,241500
247,6,1928,1,1020,2,1910,1950,0,9142,OldTown,TA,Fa,N,137000
248,6,1375,2,1367,1,1954,1954,1,11310,NAmes,TA,TA,Y,140000
249,7,1668,2,840,2,2003,2003,0,11317,CollgCr,Gd,Gd,Y,180000
250,6,2144,2,1444,2,1958,2006,2,159000,ClearCr,Gd,Gd,Y,277000
251,3,1306,0,728,1,1940,1966,0,5350,BrkSide,TA,Fa,Y,76500
252,8,1625,2,1573,2,2006,2007,1,4750,Crawfor,Gd,Gd,Y,235000
253,6,1640,2,798,2,2004,2004,0,8366,SawyerW,Gd,Gd,Y,173000
254,6,1302,1,1302,2,1964,1991,0,9350,NAmes,TA,Gd,Y,158000
255,5,1314,1,1314,1,1957,1957,0,8400,NAmes,TA,TA,Y,145000
256,7,2291,2,975,2,1999,1999,1,8738,Gilbert,Gd,Gd,Y,230000
257,6,1728,2,864,2,2003,2003,0,8791,Somerst,Gd,Gd,Y,207500
258,7,1604,2,1604,2,2006,2006,1,8814,CollgCr,Gd,Gd,Y,220000
259,7,1792,2,963,2,2001,2001,1,12435,CollgCr,Gd,Gd,Y,231500
260,5,882,1,0,1,1956,1956,0,12702,OldTown,TA,TA,Y,97000
261,6,1382,2,1362,1,1962,1962,1,19296,NAmes,TA,TA,Y,176000
262,8,2574,3,1482,2,2007,2007,1,9588,CollgCr,Gd,Ex,Y,276000
263,6,1212,2,506,1,1977,1995,1,8471,Sawyer,TA,TA,Y,151000
264,5,1316,2,926,1,1929,2001,0,5500,OldTown,TA,TA,Y,130000
265,5,764,2,680,1,1925,2004,0,5232,OldTown,TA,TA,N,73000
266,6,1422,2,1422,2,1981,1981,1,12090,NWAmes,TA,Gd,Y,175500
267,6,1511,2,802,2,1997,1997,1,11207,Gilbert,TA,TA,Y,185000
268,5,2192,1,720,2,1939,1997,1,8400,SWISU,TA,Gd,Y,179500
269,5,778,1,740,1,1940,1955,1,6900,IDOTRR,TA,TA,Y,120500
270,6,1113,1,1143,1,1976,1976,1,7917,Edwards,TA,TA,Y,148000
271,8,1939,3,1095,2,2006,2006,1,10728,Somerst,Gd,Gd,Y,266000
272,7,1363,2,1385,1,1954,2005,2,39104,ClearCr,TA,TA,Y,241500
273,8,2270,3,1152,2,1999,2007,1,11764,NoRidge,Gd,Gd,Y,290000
274,6,1632,1,1240,2,1958,1988,1,9600,NAmes,TA,TA,Y,139000
275,5,816,1,816,1,1982,1982,0,8314,Mitchel,TA,TA,Y,124500
276,7,1548,2,952,2,1925,2007,0,7264,BrkSide,Gd,Ex,N,205000
277,7,1560,2,1560,2,2003,2003,0,9196,Mitchel,Gd,Gd,Y,201000
278,4,864,2,864,1,1951,1951,0,19138,Gilbert,TA,TA,Y,141000
279,9,2121,3,2121,2,2006,2007,1,14450,NridgHt,Ex,Ex,Y,415298
280,7,2022,2,1160,2,1977,1977,1,10005,ClearCr,TA,TA,Y,192000
281,7,1982,2,807,2,1989,1989,1,11287,SawyerW,Gd,Gd,Y,228500
282,6,1262,2,1262,2,2006,2006,0,7200,Somerst,Gd,Gd,Y,185000
283,7,1314,2,1314,2,2007,2008,1,5063,NridgHt,Gd,Gd,Y,207500
284,8,1468,3,1468,2,2008,2009,1,9612,Somerst,Gd,Gd,Y,244600
285,6,1575,2,1575,2,1992,1992,0,8012,SawyerW,Gd,Gd,Y,179200
286,7,1250,2,625,2,2006,2007,0,4251,Somerst,Gd,Gd,Y,164700
287,6,1734,2,912,1,1962,1981,1,9786,NAmes,TA,Gd,Y,159000
288,4,858,0,858,1,1971,1971,0,8125,NAmes,TA,TA,Y,88000
289,5,900,1,882,1,1967,1967,0,9819,Sawyer,TA,TA,Y,122000
290,6,1396,1,698,1,1915,2003,0,8730,BrkSide,TA,TA,Y,153575
291,8,1919,2,1079,2,2006,2006,1,15611,CollgCr,Gd,Gd,Y,233230
292,5,1716,0,780,2,1912,2000,0,5687,SWISU,TA,Fa,N,135900
293,5,1716,1,768,1,1949,2008,1,11409,Edwards,TA,TA,Y,131000
294,7,2263,2,795,2,1977,1994,1,16659,NWAmes,TA,Gd,Y,235000
295,6,1644,2,1416,1,1953,1953,2,9600,NAmes,TA,TA,Y,167000
296,6,1003,2,1003,1,1984,1984,0,7937,Mitchel,TA,TA,Y,142500
297,5,1558,1,910,1,1950,1950,0,13710,IDOTRR,TA,TA,Y,152000
298,7,1950,2,975,2,1997,1998,1,7399,Somerst,Gd,Gd,Y,239000
299,6,1743,2,702,1,1968,1968,1,11700,NWAmes,Gd,TA,Y,175000
300,6,1152,1,1092,1,1950,2004,1,14000,Crawfor,TA,Gd,Y,158500
301,5,1336,1,1165,1,1953,1953,2,15750,Crawfor,TA,TA,Y,157000
302,8,2452,2,1028,2,1998,1999,1,16226,CollgCr,Gd,Gd,Y,267000
303,7,1541,3,1541,2,2001,2002,1,13704,CollgCr,Gd,Gd,Y,205000
304,5,894,2,894,1,1972,1972,0,9800,CollgCr,TA,TA,Y,149900
305,7,3493,3,1470,3,1880,2002,1,18386,OldTown,TA,Gd,Y,295000
306,8,2000,3,2000,2,2004,2005,0,10386,CollgCr,Gd,Gd,Y,305900
307,7,2243,3,700,2,1990,1991,1,13474,SawyerW,Gd,Gd,Y,225000
308,6,1406,0,319,1,1920,1950,0,7920,IDOTRR,TA,Fa,Y,89500
309,4,861,2,861,1,1940,1950,0,12342,Edwards,TA,TA,Y,82500
310,9,1944,3,1896,2,2003,2004,3,12378,NridgHt,Gd,Ex,Y,360000
311,6,1501,2,697,2,1993,1994,1,7685,Gilbert,TA,Gd,Y,165600
312,6,972,1,972,1,1948,2002,1,8000,NAmes,TA,TA,Y,132000
313,5,1118,2,793,1,1939,1950,1,7800,OldTown,TA,TA,Y,119900
314,7,2036,2,2136,2,1965,1965,2,215245,Timber,TA,TA,Y,375000
315,7,1641,2,728,1,1925,1990,1,9600,OldTown,TA,Ex,Y,178000
316,7,1432,2,716,2,2004,2005,1,7795,Gilbert,Gd,Gd,Y,188500
317,7,2353,2,845,2,1980,1980,1,13005,NWAmes,Gd,Ex,Y,260000
318,8,1959,3,1088,2,2006,2006,1,9000,Somerst,Gd,Gd,Y,270000
319,7,2646,3,1347,2,1993,1993,1,9900,NoRidge,Gd,Gd,Y,260000
320,7,1472,2,1372,2,1980,1980,2,14115,NWAmes,TA,TA,Y,187500
321,9,2596,3,1249,3,2006,2006,0,16259,NridgHt,TA,Gd,Y,342643
322,8,2468,3,1136,2,2004,2004,1,12099,NridgHt,Gd,Gd,Y,354000
323,7,2730,2,1502,2,1986,1987,1,10380,SawyerW,Gd,Gd,Y,301000
324,3,1163,1,1162,1,1955,2005,0,5820,OldTown,TA,TA,Y,126175
325,7,2978,2,710,2,1967,2007,1,11275,NAmes,Gd,Gd,Y,242000
326,5,803,2,720,1,1941,1950,0,5000,IDOTRR,TA,TA,N,87000
327,8,1719,2,1719,1,1993,1993,2,10846,Veenker,Gd,Gd,Y,324000
328,6,1383,1,1383,1,1960,1960,0,11600,NAmes,TA,TA,Y,145250
329,6,2134,2,844,2,1916,1994,0,11888,BrkSide,TA,Gd,N,214500
330,5,1192,1,596,1,1920,1950,0,6402,IDOTRR,TA,TA,N,78000
331,5,1728,1,1728,2,1964,1964,0,10624,NAmes,TA,TA,Y,119000
332,5,1056,1,1056,1,1958,1992,0,8176,NAmes,TA,TA,Y,139000
333,8,1629,3,3206,2,2003,2004,1,10655,NridgHt,Gd,Gd,Y,284000
334,7,1358,2,1358,2,2004,2004,1,8198,NridgHt,Gd,Gd,Y,207000
335,6,1638,2,943,2,1998,1998,2,9042,Gilbert,TA,TA,Y,192000
336,5,1786,2,1499,2,1965,1965,2,164660,Timber,TA,TA,Y,228950
337,9,1922,3,1922,2,2005,2006,1,14157,StoneBr,Gd,Gd,Y,377426
338,7,1536,2,1536,2,2002,2003,0,9135,CollgCr,Gd,Gd,Y,214000
339,7,1621,2,1208,2,1984,1998,0,14145,NWAmes,Gd,Gd,Y,202500
340,6,1215,1,1215,1,1958,1998,0,12400,NAmes,TA,TA,Y,155000
341,8,1908,2,967,2,2002,2002,0,14191,Timber,Gd,Gd,Y,202900
342,4,841,1,721,1,1950,1950,0,8400,SawyerW,Fa,TA,Y,82000
343,3,1040,2,0,2,1949,1950,0,8544,NAmes,TA,TA,N,87500
344,9,1684,2,1684,2,2005,2005,1,8849,NridgHt,Ex,Ex,Y,266000
345,5,1112,1,536,1,1976,1976,0,2592,MeadowV,TA,TA,Y,85000
346,6,1577,1,972,1,1939,1950,1,6435,BrkSide,TA,Fa,Y,140200
347,6,958,1,958,1,1960,1998,0,12772,NAmes,TA,TA,Y,151500
348,6,1478,2,1478,2,1960,1960,2,17600,NAmes,TA,TA,Y,157500
349,7,1626,2,764,2,2003,2004,0,2448,NridgHt,Gd,Gd,Y,154000
350,9,2728,3,1848,2,2005,2006,2,20431,NridgHt,Ex,Ex,Y,437154
351,9,1869,2,1869,2,2007,2007,1,7820,NridgHt,Ex,Ex,Y,318061
352,7,1453,2,1453,1,1986,1986,1,5271,ClearCr,TA,Gd,Y,190000
353,5,1111,1,616,1,1941,1950,0,9084,Edwards,TA,TA,N,95000
354,6,720,2,624,1,1928,2003,0,8520,OldTown,TA,TA,Y,105900
355,6,1595,1,940,1,1940,2000,2,8400,SWISU,TA,TA,Y,140000
356,6,1200,2,1200,2,1995,1995,0,11249,CollgCr,Gd,Gd,Y,177500
357,6,1167,2,1158,2,1992,1992,0,9248,Gilbert,TA,Gd,Y,173000
358,5,1142,2,1142,1,1976,1976,1,4224,MeadowV,TA,TA,Y,134000
359,5,1352,1,1062,1,1958,1958,0,6930,ClearCr,TA,Gd,Y,130000
360,8,1924,2,1086,2,1998,1998,1,12011,NoRidge,Gd,Gd,Y,280000
361,6,912,2,888,1,1978,1978,1,7540,Mitchel,TA,TA,Y,156000
362,5,1505,1,883,1,1940,1982,0,9144,BrkSide,TA,TA,Y,145000
363,7,1922,2,0,3,2003,2003,1,7301,Edwards,Gd,Gd,Y,198500
364,6,987,1,483,1,1972,2007,0,1680,BrDale,TA,Gd,Y,118000
365,6,1574,2,796,2,1976,1976,1,18800,NWAmes,TA,TA,Y,190000
366,5,1344,1,672,1,1920,1997,0,10690,IDOTRR,TA,TA,Y,147000
367,6,1394,2,1394,1,1963,1963,2,9500,NAmes,TA,TA,Y,159000
368,6,1431,1,1099,1,1962,1962,1,9150,NAmes,TA,TA,Y,165000
369,5,1268,1,1268,1,1954,1954,1,7800,NAmes,TA,TA,Y,132000
370,5,1287,2,1063,1,1959,2006,1,9830,NAmes,TA,Gd,Y,162000
371,6,1664,2,953,2,2000,2000,1,8121,Gilbert,TA,TA,Y,172400
372,4,1588,2,0,2,1959,1959,1,17120,ClearCr,TA,TA,Y,134432
373,6,752,1,744,1,1984,1984,0,7175,SawyerW,TA,TA,Y,125000
374,5,1319,1,608,1,1953,1953,0,10634,NAmes,TA,TA,Y,123000
375,7,1928,2,847,2,2003,2004,1,8200,CollgCr,Gd,Gd,Y,219500
376,1,904,0,683,0,1922,1950,0,10020,Edwards,Fa,Fa,N,61000
377,5,914,2,870,1,1996,1996,0,8846,CollgCr,Gd,TA,Y,148000
378,8,2466,2,1580,3,2004,2005,1,11143,Somerst,Gd,Gd,Y,340000
379,9,1856,3,1856,1,2010,2010,1,11394,StoneBr,Gd,Ex,Y,394432
380,6,1800,2,982,2,2000,2000,1,8123,Gilbert,TA,TA,Y,179000
381,5,1691,1,1026,2,1924,1950,1,5000,SWISU,TA,Gd,Y,127000
382,7,1301,2,1293,2,2006,2006,1,7200,Somerst,Gd,Gd,Y,187750
383,7,1797,2,939,2,2006,2006,0,9245,CollgCr,Gd,Gd,Y,213500
384,6,784,2,784,1,1928,1950,0,9000,SawyerW,TA,TA,N,76000
385,6,1953,2,1580,2,1992,1992,2,53107,ClearCr,Gd,Gd,Y,240000
386,8,1269,2,1256,2,2004,2005,1,3182,Blmngtn,Gd,Gd,Y,192000
387,5,1184,0,658,1,1910,1996,0,8410,Edwards,TA,TA,Y,81000
388,6,1125,1,1041,1,1976,1976,1,7200,Edwards,TA,TA,Y,125000
389,7,1479,2,1468,2,1999,2000,0,9382,CollgCr,Gd,Gd,Y,191000
390,10,2332,3,1682,2,2007,2008,1,12474,NridgHt,Ex,Ex,Y,426000
391,5,1367,1,861,1,1900,1950,0,8405,Edwards,TA,TA,Y,119000
392,6,1961,2,804,2,2001,2002,1,12209,Mitchel,TA,Gd,Y,215000
393,5,882,1,0,1,1959,1959,0,8339,NAmes,TA,TA,Y,106500
394,4,788,0,788,1,1941,1950,2,7446,BrkSide,TA,TA,Y,100000
395,5,1034,1,735,1,1940,1950,0,10134,OldTown,TA,TA,Y,109000
396,5,1144,1,1144,1,1956,1956,0,9571,Edwards,TA,TA,Y,129000
397,5,894,2,894,1,1972,1972,0,7200,CollgCr,TA,TA,Y,123000
398,5,1812,1,864,2,1962,1962,1,7590,NAmes,TA,TA,Y,169500
399,5,1077,1,961,1,1920,1950,0,8967,IDOTRR,TA,TA,Y,67000
400,7,1550,2,1092,2,2006,2007,0,8125,Somerst,Gd,Gd,Y,241000
401,8,1288,2,1260,1,1996,1996,2,14963,Veenker,Gd,Ex,Y,245500
402,7,1310,2,1310,2,2005,2005,1,8767,CollgCr,Gd,Gd,Y,164990
403,5,672,1,672,1,1940,1997,0,10200,Sawyer,TA,TA,Y,108000
404,8,2263,2,1141,2,1998,1998,1,12090,NoRidge,Gd,Gd,Y,258000
405,6,1572,2,806,2,1995,1996,1,10364,Gilbert,TA,TA,Y,168000
406,4,1620,2,1281,2,1976,1993,1,9991,Sawyer,TA,TA,Y,150000
407,6,1639,1,1064,1,1936,1950,0,10480,SWISU,TA,TA,Y,115000
408,6,1680,1,840,2,1915,1976,0,15576,Crawfor,TA,TA,Y,177000
409,7,2172,3,1063,2,2006,2006,1,14154,NridgHt,Gd,Gd,Y,280000
410,8,2078,3,1034,2,2007,2008,1,10800,Somerst,Gd,Ex,Y,339750
411,5,1276,1,1276,1,1958,1958,0,9571,Edwards,TA,TA,Y,60000
412,5,1056,2,1056,1,1955,1955,0,34650,Gilbert,TA,TA,N,145000
413,7,1478,2,1470,2,2009,2009,1,4403,Somerst,Ex,Gd,Y,222000
414,5,1028,2,1008,1,1927,1950,1,8960,OldTown,TA,TA,Y,115000
415,7,2097,3,1080,2,1993,1993,1,11228,SawyerW,Gd,Gd,Y,228000
416,7,1340,2,1340,2,2007,2007,0,8899,Gilbert,Gd,Gd,Y,181134
417,6,1400,2,672,1,1978,1978,1,7844,Sawyer,TA,TA,Y,149500
418,6,2624,3,1370,2,1918,1950,1,22420,Crawfor,TA,TA,N,239000
419,5,1134,1,756,1,1940,1950,0,8160,Edwards,TA,TA,N,126000
420,5,1056,1,1056,1,1968,1968,1,8450,NAmes,TA,TA,Y,142000
421,7,1344,4,1344,2,1997,1998,0,7060,Mitchel,TA,TA,Y,206300
422,6,1602,2,1602,2,1977,2000,1,16635,NWAmes,Gd,Gd,Y,215000
423,5,988,2,988,1,1954,1954,0,21750,Mitchel,TA,TA,Y,113000
424,8,2630,3,1470,2,1998,1998,1,9200,NoRidge,Gd,Gd,Y,315000
425,6,1196,1,1196,1,1956,1956,1,9000,NAmes,TA,TA,Y,139000
426,7,1389,1,651,1,1946,1992,2,3378,OldTown,TA,TA,Y,135000
427,7,1644,2,1518,2,1989,1989,1,12800,SawyerW,Gd,Gd,Y,275000
428,4,907,1,907,1,1957,1957,0,8593,NAmes,TA,TA,Y,109008
429,7,1208,2,1208,2,2007,2007,0,6762,CollgCr,Gd,Gd,Y,195400
430,6,1412,2,1392,2,1988,1988,1,11457,Timber,TA,Gd,Y,175000
431,6,987,1,483,1,1971,1971,0,1680,BrDale,TA,TA,Y,85400
432,6,1198,0,901,1,1920,1998,0,5586,OldTown,TA,TA,Y,79900
433,5,1365,2,765,1,1971,1971,0,1920,BrDale,TA,TA,Y,122500
434,6,1604,2,926,2,1997,1998,1,10839,Gilbert,TA,TA,Y,181000
435,4,630,0,630,1,1972,1972,0,1890,MeadowV,TA,TA,Y,81000
436,7,1661,2,799,2,1996,1996,1,10667,CollgCr,Gd,Gd,Y,212000
437,6,1118,2,648,1,1920,1950,0,4400,OldTown,TA,TA,Y,116000
438,6,904,1,884,1,1926,2004,0,6000,BrkSide,Gd,TA,Y,119000
439,5,694,1,440,1,1913,2002,1,4280,Crawfor,TA,Gd,N,90350
440,6,1196,2,684,1,1920,2000,0,12354,Edwards,TA,Gd,Y,110000
441,10,2402,3,3094,2,2008,2008,2,15431,NridgHt,Ex,Ex,Y,555000
442,4,1440,0,1440,2,1955,1955,0,12108,Edwards,TA,Fa,N,118000
443,5,1573,2,1078,2,1930,1992,1,6240,BrkSide,TA,TA,Y,162900
444,7,1258,3,1258,2,2006,2007,1,3922,Blmngtn,Gd,Gd,Y,172500
445,7,1908,2,915,2,1994,1995,1,8750,CollgCr,Gd,Gd,Y,210000
446,6,1689,2,1436,1,1956,1956,1,9855,Edwards,TA,TA,Y,127500
447,6,1888,2,1517,2,1966,2002,1,16492,NAmes,Gd,Gd,Y,190000
448,7,1886,2,930,2,1998,1999,1,11214,Gilbert,Gd,Gd,Y,199900
449,6,1376,1,780,2,1937,1950,1,8600,IDOTRR,TA,TA,Y,119500
450,3,1183,1,649,1,1948,2002,0,6000,OldTown,TA,TA,Y,120000
451,6,813,1,813,1,1930,2005,0,5684,OldTown,TA,Gd,Y,110000
452,7,1533,2,1533,2,1975,1975,2,70761,ClearCr,TA,Gd,Y,280000
453,6,1756,2,872,2,1996,1997,0,9303,Timber,Gd,TA,Y,204000
454,8,1590,2,768,2,2008,2008,0,9000,Somerst,Gd,Gd,Y,210000
455,5,1728,2,1728,2,1976,1976,0,9297,Mitchel,TA,TA,Y,188000
456,7,1242,2,1242,1,1973,1973,1,9600,NWAmes,TA,TA,Y,175500
457,5,1344,3,624,1,1916,1950,0,4571,OldTown,TA,TA,N,98000
458,4,1663,2,1364,1,1954,1994,2,53227,ClearCr,TA,Gd,Y,256000
459,8,1666,1,588,1,1925,1996,1,5100,OldTown,TA,Gd,Y,161000
460,5,1203,1,709,1,1950,1950,1,7015,BrkSide,TA,Gd,Y,110000
461,8,1935,2,832,2,2009,2009,0,8004,Somerst,Gd,TA,Y,263435
462,7,1135,2,560,1,1936,2007,0,7200,SWISU,Gd,Gd,Y,155000
463,5,864,1,864,1,1965,1965,1,8281,Sawyer,TA,TA,Y,62383
464,6,1660,1,715,1,1934,1995,1,11988,Crawfor,TA,TA,Y,188700
465,5,1040,0,1040,2,1978,1978,0,8430,CollgCr,TA,TA,Y,124000
466,7,1414,2,1375,2,2004,2004,1,3072,Blmngtn,Gd,Gd,Y,178740
467,7,1277,2,1277,1,1970,1970,1,10628,NAmes,TA,TA,Y,167000
468,5,1644,1,728,1,1942,1995,2,9480,NAmes,TA,Gd,Y,146500
469,8,1634,3,1626,2,2006,2006,1,11428,NridgHt,Gd,Gd,Y,250000
470,6,1710,2,832,2,1993,1993,0,9291,SawyerW,Gd,Gd,Y,187000
471,8,1502,2,1488,1,1985,1985,0,6820,StoneBr,Gd,Gd,Y,212000
472,7,1969,2,808,2,1977,1977,1,11952,NWAmes,TA,TA,Y,190000
473,6,1072,2,547,1,2005,2005,0,3675,Edwards,TA,TA,Y,148000
474,8,1976,3,1976,2,2006,2007,1,14977,NridgHt,Gd,Gd,Y,440000
475,8,1652,2,1494,2,2000,2000,0,5330,StoneBr,Gd,Ex,Y,251000
476,5,970,2,970,1,1963,1963,0,8480,Sawyer,TA,TA,Y,132500
477,6,1493,2,1478,2,1997,1998,1,13125,CollgCr,TA,Gd,Y,208900
478,9,2643,3,2153,2,2006,2006,1,13693,NridgHt,Ex,Ex,Y,380000
479,8,1718,3,1705,2,2007,2008,1,10637,CollgCr,Gd,Gd,Y,297000
480,4,1131,2,907,1,1937,2000,0,5925,OldTown,TA,TA,Y,89471
481,9,1850,3,1833,2,2004,2005,1,16033,NridgHt,Gd,Gd,Y,326000
482,9,1792,3,1792,2,2003,2004,1,11846,NridgHt,Gd,Ex,Y,374000
483,7,1826,1,910,1,1915,2005,1,2500,OldTown,Gd,Ex,Y,155000
484,6,1216,2,1216,2,1998,1998,0,4500,Mitchel,TA,TA,Y,164000
485,5,999,1,999,1,1962,2001,0,7758,Sawyer,TA,Gd,Y,132500
486,5,1113,1,1113,1,1950,2007,1,9600,NAmes,Gd,Gd,Y,147000
487,5,1073,2,1073,1,1965,1965,0,10289,NAmes,TA,TA,Y,156000
488,5,1484,2,1484,2,1971,1971,1,12243,NWAmes,TA,TA,Y,175000
489,5,2414,2,954,2,1900,1970,1,10800,OldTown,TA,TA,N,160000
490,4,630,1,630,1,1970,2002,0,1526,MeadowV,TA,Gd,Y,86000
491,5,1304,1,264,1,1976,1976,1,2665,MeadowV,TA,TA,Y,115000
492,6,1578,1,806,1,1941,1950,2,9490,NAmes,TA,Fa,Y,133000
493,6,1456,2,728,2,2006,2006,0,15578,Gilbert,Gd,TA,Y,172785
494,5,1269,1,1269,1,1960,1960,1,7931,NAmes,TA,TA,Y,155000
495,5,886,1,190,1,1938,1996,0,5784,OldTown,TA,TA,Y,91300
496,4,720,0,720,1,1920,1950,0,7879,IDOTRR,TA,TA,N,34900
497,8,3228,2,3200,3,1992,1993,1,12692,NoRidge,Gd,Gd,Y,430000
498,7,1820,1,1026,2,1925,1950,0,9120,BrkSide,TA,TA,Y,184000
499,5,899,1,864,1,1967,2004,0,7800,Sawyer,TA,Gd,Y,130000
500,5,912,1,912,1,1958,1985,0,7535,NAmes,TA,TA,Y,120000
501,6,1218,1,672,1,1973,1973,0,1890,BrDale,TA,TA,Y,113000
502,7,1768,2,866,2,2005,2005,0,9803,Somerst,Gd,Gd,Y,226700
503,5,1214,2,1214,1,1965,1965,0,9170,Edwards,TA,TA,Y,140000
504,7,1801,2,1501,2,1959,1997,2,15602,Crawfor,TA,TA,Y,289000
505,6,1322,2,855,2,1974,1974,1,2308,NPkVill,TA,TA,Y,147000
506,5,1960,2,960,2,1952,1952,0,7596,OldTown,TA,TA,Y,124500
507,8,1911,2,777,2,1993,1994,1,9554,SawyerW,Gd,Gd,Y,215000
508,6,1218,2,1218,2,2009,2009,0,7862,Somerst,Gd,Gd,Y,208300
509,7,1378,2,689,2,1928,2005,1,9600,OldTown,TA,Gd,Y,161000
510,5,1041,1,1041,1,1959,1959,0,9600,NAmes,TA,TA,Y,124500
511,5,1363,1,1008,1,1951,2000,2,14559,NAmes,Gd,TA,Y,164900
512,7,1368,2,1368,2,2005,2006,1,6792,NridgHt,Gd,Gd,Y,202665
513,5,864,2,864,1,1958,1958,0,9100,NAmes,TA,TA,Y,129900
514,6,1080,2,1084,1,1983,1983,0,9187,Mitchel,TA,TA,Y,134000
515,5,789,1,768,1,1926,1950,0,10594,Crawfor,TA,TA,N,96500
516,10,2020,3,2006,2,2009,2009,1,12220,NridgHt,Ex,Ex,Y,402861
517,6,2119,2,689,2,1972,1972,1,10448,NWAmes,TA,TA,Y,158000
518,7,2344,3,1264,2,1996,1997,1,10208,NoRidge,Gd,Gd,Y,265000
519,6,1796,2,794,2,1998,1998,0,9531,CollgCr,TA,TA,Y,211000
520,7,2080,1,1276,1,1926,2004,2,10918,Crawfor,Gd,Gd,Y,234000
521,4,1294,0,0,2,1900,2000,0,10800,OldTown,TA,TA,N,106250
522,6,1244,1,1244,1,1957,1957,2,11988,NAmes,TA,TA,Y,150000
523,6,1664,2,1004,2,1947,1950,2,5000,BrkSide,TA,TA,Y,159000
524,10,4676,3,3138,3,2007,2008,1,40094,Edwards,Ex,Ex,Y,184750
525,7,2398,3,1379,2,1996,1997,1,11787,NoRidge,Gd,Gd,Y,315750
526,7,1266,2,1257,2,2005,2005,1,7500,Somerst,Gd,Gd,Y,176000
527,5,928,1,928,1,1956,2000,0,13300,NAmes,TA,TA,Y,132000
528,9,2713,3,1452,2,2008,2008,1,14948,NridgHt,Ex,Ex,Y,446261
529,4,605,0,528,1,1920,2002,0,9098,Edwards,TA,TA,Y,86000
530,6,2515,2,2035,3,1957,1975,2,32668,Crawfor,Gd,TA,Y,200624
531,6,1509,2,1461,2,1988,1989,1,10200,Timber,Gd,Gd,Y,175000
532,6,1362,2,611,2,1920,1999,0,6155,BrkSide,TA,TA,Y,128000
533,5,827,1,0,1,1955,2007,1,7200,NAmes,TA,TA,Y,107500
534,1,334,0,0,1,1946,1950,0,5000,BrkSide,Fa,Fa,N,39300
535,8,1414,2,707,2,2004,2004,1,9056,Gilbert,Gd,Gd,Y,178000
536,5,1347,0,1117,1,1910,1991,0,7000,Edwards,TA,TA,Y,107500
537,7,1724,2,880,2,1998,1999,0,8924,CollgCr,TA,Gd,Y,188000
538,4,864,2,864,1,1972,1972,0,12735,NAmes,TA,TA,Y,111250
539,5,1159,1,1051,1,1968,1968,1,11553,Sawyer,TA,TA,Y,158000
540,8,1601,2,1581,2,2001,2002,1,11423,CollgCr,Gd,Gd,Y,272000
541,9,1838,3,1838,2,2006,2006,1,14601,Timber,Ex,Ex,Y,315000
542,8,2285,3,969,2,2000,2000,1,11000,NoRidge,Gd,Gd,Y,248000
543,7,1680,2,1650,2,1998,1999,1,10140,NWAmes,Gd,Gd,Y,213250
544,7,767,1,723,1,1998,1998,0,4058,NAmes,TA,TA,Y,133000
545,7,1496,2,654,2,2006,2006,1,17104,Gilbert,Gd,Gd,Y,179665
546,7,2183,3,1204,2,1988,1988,0,13837,NWAmes,Gd,Gd,Y,229000
547,6,1635,2,1065,1,1923,1950,1,8737,BrkSide,TA,TA,Y,210000
548,5,768,2,768,1,1970,1970,0,7244,Mitchel,TA,TA,Y,129500
549,5,825,2,825,1,1955,1995,0,8235,OldTown,TA,TA,Y,125000
550,7,2094,2,912,2,2003,2004,1,9375,Somerst,Gd,Gd,Y,263000
551,6,1069,2,1069,2,1977,1977,0,4043,NPkVill,TA,TA,Y,140000
552,5,928,1,928,1,1957,1957,0,6000,OldTown,TA,TA,Y,112500
553,8,1717,3,1709,2,2006,2006,1,11146,NridgHt,Gd,Gd,Y,255500
554,4,1126,2,0,2,1949,2003,0,8777,Edwards,TA,Gd,Y,108000
555,7,2046,3,998,2,2003,2004,1,10625,NridgHt,Gd,Gd,Y,284000
556,5,1048,1,993,1,1922,1950,1,6380,BrkSide,TA,TA,Y,113000
557,5,1092,1,1092,1,1957,1957,1,14850,NAmes,TA,TA,Y,141000
558,4,1336,1,637,1,1920,1950,0,11040,IDOTRR,TA,TA,Y,108000
559,7,1446,2,729,2,1996,1997,1,21872,Gilbert,TA,TA,Y,175000
560,7,1557,2,1374,2,2003,2004,1,3196,Blmngtn,Gd,Gd,Y,234000
561,5,1392,2,1392,1,1957,1996,1,11341,Sawyer,TA,TA,Y,121500
562,5,1389,2,1389,1,1974,1975,1,10010,Mitchel,TA,TA,Y,170000
563,5,996,0,996,1,1940,1969,1,13907,Edwards,TA,TA,Y,108000
564,6,1674,2,1163,2,1918,1950,1,21780,Edwards,TA,TA,Y,185000
565,7,2295,2,1095,2,1992,2000,1,13346,NoRidge,Gd,Gd,Y,268000
566,6,1647,1,806,1,1915,1950,0,6858,SWISU,TA,Fa,N,128000
567,9,2504,3,1122,2,2005,2007,1,11198,StoneBr,Gd,Ex,Y,325000
568,7,1535,2,1517,2,2004,2004,0,10171,NridgHt,Gd,Gd,Y,214000
569,8,2132,2,1496,1,1983,2009,1,12327,SawyerW,Gd,Gd,Y,316600
570,5,943,2,943,1,1979,1979,2,7032,NAmes,TA,TA,Y,135960
571,5,1728,2,1728,2,1965,1965,0,13101,NAmes,TA,TA,Y,142600
572,6,864,1,864,1,1959,1959,0,7332,NAmes,TA,Gd,Y,120000
573,7,1692,2,846,2,2009,2009,0,13159,Timber,TA,Gd,Y,224500
574,7,1430,2,384,2,2000,2000,1,9967,Gilbert,TA,TA,Y,170000
575,5,1109,1,372,1,1971,2005,0,10500,NAmes,TA,TA,Y,139000
576,5,1216,1,832,1,1947,1950,0,8480,NAmes,TA,TA,Y,118500
577,7,1477,1,861,2,1928,1950,1,6292,SWISU,TA,TA,Y,145000
578,5,1320,2,1164,1,1966,1966,2,11777,Sawyer,TA,TA,Y,164500
579,7,1392,2,689,2,2007,2007,0,3604,Somerst,Gd,Gd,Y,146000
580,5,1795,1,1050,2,1954,1954,0,12150,OldTown,TA,TA,N,131500
581,6,1429,2,1144,1,1960,1987,2,14585,NAmes,TA,Gd,Y,181900
582,8,2042,3,2042,2,2008,2009,1,12704,NridgHt,Ex,Ex,Y,253293
583,6,816,0,816,1,1990,1990,0,11841,Edwards,TA,TA,Y,118500
584,10,2775,2,1237,3,1893,2000,1,13500,OldTown,Ex,Gd,Y,325000
585,4,1573,1,884,1,1935,1995,0,6120,BrkSide,TA,Gd,Y,133000
586,8,2028,3,1868,2,2005,2006,2,11443,Timber,Gd,Gd,Y,369900
587,6,838,1,816,1,1918,2000,0,10267,BrkSide,TA,Fa,Y,130000
588,5,860,2,840,1,1982,1982,0,8740,Sawyer,TA,TA,Y,137000
589,5,1473,1,1437,1,1968,2003,2,25095,ClearCr,TA,Ex,Y,143000
590,5,935,1,742,1,1930,1960,0,9100,BrkSide,TA,TA,Y,79500
591,7,1582,2,770,2,2004,2004,0,8320,CollgCr,Gd,Gd,Y,185900
592,10,2296,3,1722,2,2008,2008,1,13478,NridgHt,Ex,Ex,Y,451950
593,5,816,2,816,1,1982,2003,0,6600,Mitchel,TA,TA,Y,138000
594,6,848,2,848,1,2003,2003,0,4435,CollgCr,Gd,Gd,Y,140000
595,5,924,1,924,1,1975,1975,0,7990,CollgCr,TA,TA,Y,110000
596,8,1826,3,1814,2,2005,2006,1,11302,StoneBr,Gd,Gd,Y,319000
597,6,1368,1,684,1,1910,1993,0,3600,OldTown,TA,TA,N,114504
598,7,1402,3,1258,0,2006,2007,1,3922,Blmngtn,Gd,Gd,Y,194201
599,5,1647,2,1430,2,1977,1977,1,12984,Crawfor,TA,Gd,Y,217500
600,6,1556,2,716,2,1980,1980,1,1950,Blueste,TA,TA,Y,151000
601,8,1904,2,1058,2,2005,2005,1,10927,NridgHt,Gd,Ex,Y,275000
602,6,1375,1,780,1,1937,1950,1,9000,IDOTRR,TA,Gd,Y,141000
603,8,1915,2,908,2,1992,1992,1,10041,SawyerW,Gd,Gd,Y,220000
604,7,1200,2,600,2,2004,2005,0,3182,Somerst,Gd,Gd,Y,151000
605,7,1494,2,1494,2,2002,2002,1,12803,CollgCr,Gd,Gd,Y,221000
606,7,1986,2,768,2,1965,1990,3,13600,NAmes,TA,TA,Y,205000
607,5,1040,2,1040,1,1996,1996,0,12464,CollgCr,TA,Gd,Y,152000
608,5,2008,1,896,3,1948,2002,0,7800,Edwards,TA,Ex,Y,225000
609,8,3194,2,965,2,1934,1998,2,12168,Crawfor,TA,TA,Y,359100
610,4,1029,1,1029,1,1961,1961,0,7943,Sawyer,TA,TA,Y,118500
611,9,2153,3,1440,2,2000,2000,2,11050,CollgCr,Gd,Ex,Y,313000
612,6,1032,2,1032,2,1978,1978,1,10395,NWAmes,TA,TA,Y,148000
613,8,1872,2,1299,2,2001,2001,1,11885,CollgCr,Gd,Ex,Y,261500
614,5,1120,0,1120,1,2007,2007,0,8402,Mitchel,TA,TA,Y,147000
615,4,630,0,630,1,1972,1972,0,1491,MeadowV,TA,TA,Y,75500
616,6,1054,2,936,1,1963,1963,0,8800,NAmes,TA,Gd,Y,137500
617,6,1509,2,783,2,2002,2003,1,7861,Gilbert,Gd,Gd,Y,183200
618,6,832,2,832,1,1954,1954,0,7227,NAmes,TA,Gd,Y,105500
619,9,1828,3,1822,2,2007,2007,1,11694,NridgHt,Ex,Gd,Y,314813
620,8,2262,3,1482,2,2003,2003,2,12244,Timber,Gd,Gd,Y,305000
621,3,864,0,864,1,1914,1950,0,8248,Edwards,TA,TA,N,67000
622,6,2614,2,1522,2,1974,1997,1,10800,NWAmes,TA,TA,Y,240000
623,5,980,2,980,1,1977,1977,0,7064,Sawyer,TA,TA,Y,135000
624,6,1512,2,756,2,2000,2000,1,2117,Somerst,Gd,Gd,Y,168500
625,6,1790,2,732,1,1972,1972,1,10400,NWAmes,TA,TA,Y,165150
626,6,1116,2,1116,1,1962,1962,0,10000,NAmes,TA,TA,Y,160000
627,5,1422,1,978,1,1960,1978,1,12342,NAmes,TA,TA,Y,139900
628,6,1520,1,1156,1,1955,1972,2,9600,NAmes,TA,TA,Y,153000
629,5,2080,2,1040,1,1969,1969,2,11606,NAmes,TA,Fa,Y,135000
630,6,1350,2,1248,1,1964,1964,0,9020,NAmes,TA,TA,Y,168500
631,5,1750,1,636,1,1880,1991,0,9000,OldTown,TA,Ex,Y,124000
632,8,1554,2,1554,2,2006,2006,1,4590,NridgHt,Gd,Gd,Y,209500
633,7,1411,2,1386,2,1977,1977,1,11900,NWAmes,TA,TA,Y,82500
634,5,1056,1,1056,1,1954,2005,0,9250,NAmes,TA,TA,Y,139400
635,6,1056,2,1056,0,1980,1980,0,6979,OldTown,TA,TA,Y,144000
636,6,3395,0,1440,2,1914,1995,0,10896,SWISU,Fa,Fa,Y,200000
637,2,800,0,264,1,1936,1950,1,6120,BrkSide,Fa,Fa,N,60000
638,5,1387,1,811,2,1954,1954,0,6000,OldTown,TA,Gd,Y,93000
639,5,796,0,796,1,1910,1950,0,8777,Edwards,TA,TA,Y,85000
640,8,1567,3,1520,2,2006,2006,1,3982,Blmngtn,Gd,Ex,Y,264561
641,8,1518,2,1518,1,2003,2004,1,12677,NridgHt,Ex,Ex,Y,274000
642,7,1929,2,1057,2,2001,2001,1,7050,Somerst,Gd,Gd,Y,226000
643,8,2704,2,1952,2,1972,1995,3,13860,NAmes,Gd,Ex,Y,345000
644,5,1620,2,780,2,1969,1969,0,10793,NWAmes,TA,TA,Y,152000
645,9,1766,3,1766,2,2009,2009,1,9187,Somerst,Ex,Ex,Y,370878
646,6,981,2,981,1,1971,1971,0,10530,NAmes,TA,TA,Y,143250
647,5,1048,2,0,1,1950,1950,0,7200,NAmes,TA,TA,Y,98300
648,6,1094,2,1094,1,1953,1953,2,10452,Edwards,TA,TA,Y,155000
649,6,1839,2,756,1,1966,1966,1,7700,NAmes,TA,TA,Y,155000
650,4,630,0,630,1,1970,1970,0,1936,MeadowV,TA,TA,Y,84500
651,7,1665,2,813,2,2007,2007,0,8125,Somerst,Gd,Gd,Y,205950
652,4,1510,1,755,1,1940,1950,1,9084,Edwards,TA,TA,Y,108000
653,7,1716,2,880,2,1996,1996,1,8750,CollgCr,Gd,Gd,Y,191000
654,6,1469,1,756,1,1906,1995,0,10320,IDOTRR,TA,TA,Y,135000
655,8,2113,3,2109,2,1995,1995,1,10437,NoRidge,Gd,Gd,Y,350000
656,6,1092,1,525,1,1971,1971,0,1680,BrDale,TA,TA,Y,88000
657,5,1053,1,1053,1,1959,2006,0,10007,NAmes,Gd,Gd,Y,145500
658,7,1502,1,776,1,1931,2000,1,7200,Crawfor,TA,TA,Y,149000
659,6,1458,1,912,1,1948,1950,1,17503,NAmes,TA,TA,Y,97500
660,5,1486,2,1486,1,1964,1999,0,9937,Edwards,TA,TA,Y,167000
661,7,1935,2,793,2,1976,1976,1,12384,NWAmes,TA,TA,Y,197900
662,8,2448,3,1629,2,1994,2005,1,46589,NoRidge,Gd,Gd,Y,402000
663,6,1392,2,1392,1,1968,1968,2,13560,NAmes,TA,TA,Y,110000
664,4,1181,2,1138,2,1972,1972,0,10012,Edwards,TA,TA,Y,137500
665,8,2097,3,2077,1,2005,2006,1,20896,Somerst,Gd,Ex,Y,423000
666,8,1936,2,1406,2,2000,2000,1,11194,Gilbert,Gd,Gd,Y,230500
667,6,2380,2,1021,2,1965,1979,1,18450,NAmes,TA,TA,Y,129000
668,6,1679,2,1408,2,1994,1998,1,8125,SawyerW,TA,Gd,Y,193500
669,5,1437,2,1188,1,1956,1987,1,14175,Sawyer,TA,TA,Y,168000
670,4,1180,1,700,1,1922,1950,1,11600,Crawfor,TA,Fa,Y,137500
671,6,1476,2,738,2,2005,2005,0,8633,CollgCr,Gd,Gd,Y,173500
672,6,1369,1,672,2,1925,1950,0,6629,Edwards,TA,TA,N,103600
673,6,1208,2,1208,1,1977,1977,1,11250,Veenker,Gd,TA,Y,165000
674,6,1839,2,1477,2,1957,2004,2,14442,Crawfor,TA,Gd,Y,257500
675,6,1136,1,1136,1,1965,1965,1,9200,NAmes,TA,TA,Y,140000
676,6,1441,2,855,2,1978,1978,1,2289,NPkVill,TA,TA,Y,148500
677,4,1774,3,1095,2,1900,1950,0,9600,OldTown,TA,TA,N,87000
678,5,792,1,768,1,1924,2006,0,9022,OldTown,Gd,Gd,Y,109500
679,8,2046,3,2046,2,2008,2008,1,11844,StoneBr,Gd,Gd,Y,372500
680,5,988,2,988,1,1961,1961,0,9945,Sawyer,TA,TA,Y,128500
681,6,923,1,923,2,1980,1980,1,8012,SawyerW,TA,TA,Y,143000
682,5,1520,1,793,1,1932,2000,0,4500,SWISU,TA,TA,Y,159434
683,6,1291,2,1291,1,1996,1997,1,2887,ClearCr,TA,Gd,Y,173000
684,9,1668,3,1626,2,2002,2002,1,11248,CollgCr,Gd,Gd,Y,285000
685,7,1839,2,1195,2,1998,1998,0,16770,NoRidge,Gd,TA,Y,221000
686,7,2090,2,1190,2,1984,1984,1,5062,StoneBr,Gd,Gd,Y,207500
687,7,1761,2,874,3,2007,2007,0,10207,Somerst,Gd,Gd,Y,227875
688,7,1102,2,551,2,2004,2004,0,5105,Somerst,Gd,Gd,Y,148800
689,8,1419,2,1419,2,2007,2007,1,8089,StoneBr,Gd,Gd,Y,392000
690,6,1362,2,1362,2,2005,2006,1,7577,NridgHt,Gd,Gd,Y,194700
691,6,848,2,848,1,2004,2004,1,4426,CollgCr,Gd,Gd,Y,141000
692,10,4316,3,2444,3,1994,1995,2,21535,NoRidge,Ex,Ex,Y,755000
693,7,2519,2,1210,2,1989,1990,2,26178,Timber,Gd,Gd,Y,335000
694,5,1073,1,1073,1,1921,1968,0,5400,OldTown,TA,TA,Y,108480
695,5,1539,2,927,1,1936,1950,0,6120,BrkSide,TA,TA,Y,141500
696,6,1137,2,1112,2,1987,1987,1,13811,Timber,TA,Gd,Y,176000
697,5,616,1,616,1,1921,1950,0,6000,BrkSide,TA,TA,Y,89000
698,5,1148,1,980,1,1952,1952,0,6420,Edwards,TA,TA,Y,123500
699,5,894,1,894,1,1965,2009,1,8450,Sawyer,TA,TA,Y,138500
700,7,1391,2,1391,2,2004,2004,0,4282,Somerst,Gd,Gd,Y,196000
701,8,1800,3,1800,2,2002,2002,1,14331,Timber,Gd,Gd,Y,312500
702,7,1164,2,1164,1,1969,1969,0,9600,NWAmes,TA,TA,Y,140000
703,8,2576,3,1234,2,2006,2006,1,12438,StoneBr,Ex,Ex,Y,361919
704,5,1812,2,360,2,1900,1996,1,7630,OldTown,TA,Gd,Y,140000
705,7,1484,2,1473,2,2004,2005,0,8400,CollgCr,Gd,Gd,Y,213000
706,4,1092,0,0,2,1930,1950,0,5600,IDOTRR,Fa,Fa,N,55000
707,7,1824,2,1643,2,1971,2002,2,115149,ClearCr,TA,Gd,Y,302000
708,8,1324,2,1324,2,2006,2006,1,6240,NridgHt,Gd,Gd,Y,254000
709,7,1456,2,728,2,2007,2007,1,9018,Gilbert,Gd,Gd,Y,179540
710,5,904,1,876,1,1966,1966,0,7162,Sawyer,TA,TA,Y,109900
711,3,729,0,270,1,1935,2003,0,4130,BrkSide,Gd,TA,Y,52000
712,4,1178,1,859,1,1900,1950,0,8712,IDOTRR,TA,TA,Y,102776
713,8,1228,2,1228,2,1988,1989,1,4671,StoneBr,Gd,Gd,Y,189000
714,4,960,2,960,1,1970,1970,0,9873,BrkSide,TA,TA,N,129000
715,6,1479,2,725,2,1976,2005,0,13517,Sawyer,Gd,Gd,Y,130500
716,6,1350,2,1064,2,1974,1974,1,10140,NWAmes,TA,TA,Y,165000
717,7,2554,2,718,1,1890,1998,0,10800,OldTown,TA,TA,Y,159500
718,5,1178,2,1176,1,1973,2000,1,10000,NWAmes,TA,Gd,Y,157000
719,7,2418,3,1311,2,1993,1994,1,10542,NoRidge,Gd,Gd,Y,341000
720,5,971,1,971,1,1969,1969,1,9920,CollgCr,TA,TA,Y,128500
721,8,1742,2,1742,2,1985,1985,1,6563,StoneBr,Gd,Gd,Y,275000
722,6,848,2,848,1,2004,2004,0,4426,CollgCr,Gd,Gd,Y,143000
723,4,864,2,864,1,1970,1970,0,8120,NAmes,TA,TA,Y,124500
724,4,1470,1,941,2,1954,1972,0,8172,Edwards,TA,TA,Y,135000
725,9,1698,3,1698,2,2007,2008,1,13286,Edwards,Ex,Ex,Y,320000
726,4,864,2,864,1,1970,1970,0,6960,NAmes,TA,Gd,Y,120500
727,6,1680,2,880,2,1988,2007,1,21695,Crawfor,Gd,Gd,Y,222000
728,7,1232,2,1232,2,2007,2007,0,7314,CollgCr,Gd,Gd,Y,194500
729,5,1776,3,1584,2,1958,1958,0,11475,NAmes,TA,TA,Y,110000
730,4,1208,2,780,1,1925,1950,0,6240,IDOTRR,TA,TA,Y,103000
731,8,1616,2,1595,2,1995,1996,1,5389,StoneBr,Gd,Gd,Y,236500
732,7,1146,2,868,2,2003,2003,1,9590,Timber,Gd,Gd,Y,187500
733,7,2031,2,1153,2,1998,1999,1,11404,CollgCr,Gd,Gd,Y,222500
734,5,1144,1,864,1,1961,1983,1,10000,Sawyer,TA,TA,Y,131400
735,5,948,1,948,1,1968,1968,0,8978,Sawyer,TA,TA,Y,108000
736,7,1768,2,880,1,1914,1970,2,10800,OldTown,TA,TA,N,163000
737,3,1040,2,0,2,1950,1950,0,8544,NAmes,TA,TA,N,93500
738,8,1801,3,893,2,2005,2005,1,10463,Gilbert,Gd,Gd,Y,239900
739,5,1200,0,1200,3,1987,1988,0,10800,Edwards,TA,TA,Y,179000
740,7,1728,2,864,2,2004,2004,0,9313,CollgCr,Gd,Gd,Y,190000
741,5,1432,2,264,2,1910,2002,0,9600,OldTown,TA,TA,Y,132000
742,6,912,1,912,1,1961,1996,0,6768,Sawyer,TA,Gd,Y,142000
743,7,1349,2,1349,2,2000,2001,0,8450,SawyerW,TA,TA,Y,179000
744,5,1464,2,520,2,1963,1999,1,12886,Sawyer,TA,TA,Y,175000
745,8,1337,2,1337,2,1993,1993,1,5395,StoneBr,Gd,Gd,Y,180000
746,8,2715,2,1142,3,1976,1996,2,8963,NWAmes,Ex,Gd,Y,299800
747,7,2256,2,952,2,2000,2000,1,8795,Gilbert,Gd,Gd,Y,236000
748,7,2640,4,1240,1,1880,2003,1,11700,OldTown,Gd,Gd,N,265979
749,7,1720,2,1720,2,1996,1996,1,10593,NoRidge,Gd,Gd,Y,260400
750,4,1529,1,0,2,1945,1950,0,8405,Edwards,TA,TA,N,98000
751,4,1140,0,576,1,1910,2004,0,8800,OldTown,TA,TA,Y,96500
752,7,1320,2,660,2,2003,2003,0,7750,Gilbert,Gd,Gd,Y,162000
753,6,1494,2,1479,2,1997,1997,0,9236,CollgCr,TA,Gd,Y,217000
754,8,2098,3,1030,2,2005,2005,1,10240,NridgHt,Gd,Ex,Y,275500
755,6,1026,2,1026,1,1969,2005,0,7930,NAmes,TA,Gd,Y,156000
756,6,1471,2,729,2,1999,1999,0,3230,Somerst,TA,TA,Y,172500
757,8,1768,2,866,2,2007,2007,0,10769,CollgCr,Gd,Gd,Y,212000
758,6,1386,2,672,2,1978,1978,1,11616,Sawyer,TA,TA,Y,158900
759,7,1501,2,744,2,1999,1999,0,2280,Somerst,TA,TA,Y,179400
760,8,2531,3,1318,2,1995,1995,1,12257,NoRidge,Gd,Gd,Y,290000
761,6,864,1,864,1,1959,1959,0,9100,NAmes,TA,TA,Y,127500
762,5,1301,2,1145,1,1924,1950,0,6911,BrkSide,TA,Fa,Y,100000
763,7,1547,2,756,2,2009,2009,0,8640,Somerst,TA,Gd,Y,215200
764,8,2365,3,1252,2,1999,1999,1,9430,NoRidge,Gd,Gd,Y,337000
765,8,1494,2,1494,1,1995,1996,1,9549,Veenker,Gd,Ex,Y,270000
766,9,1506,2,1498,2,2008,2008,1,14587,Somerst,Gd,Ex,Y,264132
767,7,1714,2,980,2,1988,1988,1,10421,NWAmes,TA,TA,Y,196500
768,6,1750,1,983,2,1940,1985,0,12508,Mitchel,TA,TA,Y,160000
769,7,1836,2,1860,2,2004,2005,1,9100,CollgCr,Gd,Gd,Y,216837
770,8,3279,3,1650,3,2003,2003,1,53504,StoneBr,Ex,Ex,Y,538000
771,5,858,2,858,1,1982,1982,0,7252,Sawyer,TA,TA,Y,134900
772,4,1220,2,836,1,1951,1951,0,8877,Edwards,TA,TA,Y,102000
773,6,1117,2,1029,1,1976,1976,1,7819,Edwards,TA,TA,Y,107000
774,5,912,1,912,1,1958,1958,0,10150,NAmes,TA,TA,Y,114500
775,8,1973,3,1935,2,2006,2006,1,14226,NridgHt,Gd,Gd,Y,395000
776,6,1204,2,1204,2,1998,1998,0,4500,Mitchel,TA,TA,Y,162000
777,7,1614,3,1614,2,2005,2006,0,11210,CollgCr,Gd,Gd,Y,221500
778,5,894,2,864,1,1974,1974,1,13350,Sawyer,TA,TA,Y,142500
779,5,2020,2,0,2,1977,1977,2,8400,SawyerW,TA,TA,Y,144000
780,6,1004,2,975,1,1977,1977,0,10530,Mitchel,TA,TA,Y,135000
781,7,1253,2,1237,2,1995,1996,1,7875,Gilbert,TA,TA,Y,176000
782,6,1603,2,761,2,1992,1992,0,7153,SawyerW,Gd,Gd,Y,175900
783,7,1430,2,1413,2,2001,2002,0,16285,CollgCr,Gd,Gd,Y,187100
784,5,1110,2,1097,1,1978,1978,1,9101,Mitchel,TA,Gd,Y,165500
785,6,1484,0,742,2,1914,2001,1,6300,OldTown,TA,TA,Y,128000
786,6,1342,2,1372,2,1967,1967,1,9790,NWAmes,TA,TA,Y,161500
787,5,1652,1,686,2,1915,1950,0,10800,OldTown,TA,TA,Y,139000
788,7,2084,2,956,2,2004,2004,0,10142,SawyerW,Gd,Gd,Y,233000
789,4,901,1,901,1,1954,2000,0,6000,OldTown,TA,TA,Y,107900
790,6,2087,2,832,2,1966,2007,0,12205,ClearCr,TA,Gd,Y,187500
791,7,1145,2,1145,2,2005,2006,1,3182,Blmngtn,Gd,Gd,Y,160200
792,6,1062,2,1029,1,1976,1976,2,11333,Mitchel,TA,TA,Y,146800
793,7,2013,2,1117,2,1996,1997,1,9920,NoRidge,Gd,TA,Y,269790
794,8,1496,2,1496,2,2007,2007,0,9158,Somerst,Gd,Gd,Y,225000
795,7,1895,2,712,2,1994,1996,1,10832,Gilbert,Gd,Gd,Y,194500
796,6,1564,2,650,2,1980,1981,1,8400,SawyerW,TA,TA,Y,171000
797,6,1285,2,660,1,1977,1977,1,8197,Sawyer,TA,TA,Y,143500
798,5,773,1,773,1,1953,1953,0,7677,NAmes,TA,TA,Y,110000
799,9,3140,3,1926,3,2008,2009,2,13518,NridgHt,Ex,Ex,Y,485000
800,5,1768,1,731,1,1937,1950,2,7200,SWISU,TA,Gd,Y,175000
801,6,1688,2,616,2,1997,1997,0,12798,ClearCr,TA,Gd,Y,200000
802,4,1196,2,1196,1,1916,1990,0,4800,IDOTRR,TA,TA,Y,109900
803,7,1456,2,728,2,2005,2005,1,8199,CollgCr,Gd,Gd,Y,189000
804,9,2822,3,1734,3,2008,2009,1,13891,NridgHt,Ex,Ex,Y,582933
805,5,1128,1,936,1,1954,1954,0,9000,NAmes,TA,TA,Y,118000
806,7,1428,2,1417,2,2008,2008,0,12274,Somerst,Gd,Ex,Y,227680
807,5,980,1,980,2,1967,1967,0,9750,NAmes,TA,TA,Y,135500
808,5,1576,2,1324,1,1923,2004,1,21384,BrkSide,TA,Gd,Y,223500
809,5,1086,2,1024,1,1966,1966,1,13400,NAmes,TA,TA,Y,159950
810,5,2138,2,849,2,1898,1965,0,8100,OldTown,TA,TA,N,106000
811,6,1309,2,1040,1,1974,1999,1,10140,NWAmes,TA,Gd,Y,181000
812,6,848,2,848,1,2004,2004,1,4438,CollgCr,Gd,Gd,Y,144500
813,5,1044,2,540,1,1952,1952,0,8712,IDOTRR,Fa,Fa,N,55993
814,6,1442,1,1442,1,1958,1958,0,9750,NAmes,TA,TA,Y,157900
815,5,1250,1,686,1,1918,1950,0,8248,Edwards,TA,Fa,Y,116000
816,7,1661,2,1649,2,1998,1998,0,12137,CollgCr,TA,Gd,Y,224900
817,5,1008,1,1008,1,1954,1954,1,11425,NAmes,TA,TA,Y,137000
818,8,1689,3,1568,2,2002,2002,2,13265,Mitchel,Gd,Gd,Y,271000
819,6,1052,2,1010,1,1971,1971,0,8816,ClearCr,TA,TA,Y,155000
820,7,1358,2,1358,2,2009,2010,1,6371,NridgHt,Gd,Gd,Y,224000
821,7,1640,2,798,2,2003,2003,0,7226,CollgCr,Gd,Gd,Y,183000
822,4,936,2,936,1,1953,1953,0,6000,OldTown,Fa,TA,N,93000
823,7,1733,2,847,2,2003,2003,1,12394,Gilbert,Gd,Gd,Y,225000
824,6,1489,1,778,2,1940,1950,1,9900,SWISU,TA,TA,Y,139500
825,8,1489,2,1489,2,2006,2006,1,11216,Somerst,Gd,Gd,Y,232600
826,10,2084,3,2078,2,2007,2008,1,14803,NridgHt,Ex,Ex,Y,385000
827,5,784,0,784,1,1924,1950,0,6130,BrkSide,TA,Gd,Y,109500
828,7,1434,2,1454,2,2001,2001,1,8529,SawyerW,Gd,Gd,Y,189000
829,5,2126,2,1013,2,1967,1967,0,28698,ClearCr,TA,TA,Y,185000
830,7,1223,2,600,2,2005,2005,0,2544,Somerst,Gd,Gd,Y,147400
831,6,1392,2,1392,1,1957,1957,2,11900,NAmes,TA,TA,Y,166000
832,7,1200,2,600,2,2005,2005,0,3180,Somerst,TA,Gd,Y,151000
833,7,1829,2,941,2,2003,2003,1,9548,CollgCr,Gd,Gd,Y,237000
834,6,1516,2,1516,1,1964,1964,0,10004,NAmes,TA,TA,Y,167000
835,5,1144,2,1144,1,1961,1961,0,7875,NAmes,TA,TA,Y,139950
836,4,1067,2,1067,2,1950,1995,0,9600,Sawyer,TA,Gd,Y,128000
837,5,1559,2,1559,1,1948,1973,0,8100,OldTown,TA,TA,Y,153500
838,6,987,1,483,1,1973,1973,0,1680,BrDale,TA,TA,Y,100000
839,5,1099,1,1099,1,1995,2006,0,9525,CollgCr,TA,Gd,Y,144000
840,5,1200,1,768,1,1946,1995,0,11767,Edwards,TA,TA,Y,130500
841,6,1482,1,672,2,1925,1950,0,12155,SWISU,TA,Fa,N,140000
842,5,1539,2,650,2,1904,2002,1,10440,OldTown,TA,Gd,Y,157500
843,6,1165,2,1127,1,1966,1966,0,9020,NAmes,TA,TA,Y,174900
844,5,1800,0,1800,2,1961,1961,0,8000,NAmes,TA,TA,N,141000
845,5,1416,3,876,1,1915,1950,1,12665,OldTown,TA,TA,Y,153900
846,5,1701,2,1390,2,1975,1981,2,16647,Sawyer,TA,TA,Y,171000
847,7,1775,2,740,2,1993,1993,1,9317,SawyerW,Gd,Gd,Y,213000
848,5,864,1,864,1,1972,1972,1,15523,CollgCr,TA,TA,Y,133500
849,6,2358,2,907,3,1908,1997,1,45600,ClearCr,TA,TA,Y,240000
850,6,1855,2,528,2,1976,1994,1,9600,Veenker,Gd,TA,Y,187000
851,6,848,2,848,1,2003,2003,0,4435,CollgCr,Gd,Gd,Y,131500
852,8,1456,2,1273,2,2003,2003,1,3196,Blmngtn,Gd,Gd,Y,215000
853,7,1646,1,918,2,1941,1950,2,7128,Crawfor,TA,TA,Y,164000
854,6,1445,2,1127,1,1964,1964,1,12095,NAmes,TA,TA,Y,158000
855,5,1779,2,1763,1,1955,1974,1,17920,Sawyer,TA,TA,Y,170000
856,5,1040,1,1040,1,1962,2010,0,6897,Sawyer,TA,TA,Y,127000
857,6,1026,2,940,1,1978,1978,0,10970,CollgCr,TA,TA,Y,147000
858,6,1481,2,702,2,1994,1995,1,8125,Gilbert,TA,TA,Y,174000
859,7,1370,2,1090,2,1976,1976,1,10400,NWAmes,TA,TA,Y,152000
860,6,2654,2,1054,2,1968,1984,1,11029,NWAmes,TA,Gd,Y,250000
861,7,1426,1,912,1,1918,1998,1,7642,Crawfor,Gd,Gd,Y,189950
862,5,1039,2,1039,1,1965,1965,0,11625,Sawyer,TA,TA,Y,131500
863,6,1097,2,1040,2,1984,1985,0,9672,SawyerW,TA,TA,Y,152000
864,5,1148,1,1148,1,1959,1959,0,7931,NAmes,TA,TA,Y,132500
865,7,1372,2,1372,2,2007,2008,0,8640,Somerst,Gd,Gd,Y,250580
866,5,1002,2,1002,1,1970,1970,0,8750,NAmes,TA,TA,Y,148500
867,8,1646,3,1638,2,2006,2007,1,10656,Timber,Gd,Gd,Y,248900
868,4,1120,2,1040,1,1961,1961,0,6970,Sawyer,TA,Fa,Y,129000
869,5,2320,2,0,2,1948,1950,1,14762,Gilbert,TA,TA,Y,169000
870,7,1949,2,1050,2,1993,1994,1,9938,SawyerW,Gd,Gd,Y,236000
871,5,894,1,894,1,1962,1962,0,6600,NAmes,TA,TA,N,109500
872,6,1682,2,804,2,1998,1998,0,8750,CollgCr,TA,Gd,Y,200500
873,5,910,2,105,1,1953,1996,0,8892,NAmes,Gd,Gd,Y,116000
874,5,1268,1,832,1,1949,1950,1,12144,NAmes,Gd,TA,Y,133000
875,5,1131,1,676,1,1941,1950,0,5720,OldTown,TA,TA,Y,66500
876,8,2610,2,1184,2,2007,2007,1,9000,Somerst,Gd,Ex,Y,303477
877,4,1040,2,1064,1,1963,1963,0,25286,Mitchel,TA,TA,Y,132250
878,9,2224,3,1462,2,2004,2005,1,8834,NridgHt,Gd,Ex,Y,350000
879,5,1155,2,1109,1,1961,1995,0,11782,Sawyer,TA,Gd,Y,148000
880,5,864,1,864,1,1978,2005,0,7000,CollgCr,Gd,TA,Y,136500
881,5,1090,2,1090,1,2005,2006,0,7024,Edwards,TA,TA,Y,157000
882,7,1717,2,1156,2,1990,1991,1,13758,Timber,Gd,Gd,Y,187500
883,6,1593,2,808,2,1992,1993,1,9636,Gilbert,TA,TA,Y,178000
884,4,2230,1,795,1,1912,1950,0,6204,SWISU,Gd,TA,N,118500
885,5,892,1,892,1,1967,1967,0,7150,NAmes,TA,TA,Y,100000
886,9,1709,2,1698,2,1999,2000,1,5119,Somerst,Gd,Gd,Y,328900
887,5,1712,2,1626,2,1959,2005,0,8393,NAmes,TA,TA,Y,145000
888,5,1393,1,816,1,1955,1955,0,16466,Edwards,TA,TA,Y,135500
889,8,2217,2,2217,2,1970,1970,1,15865,NAmes,Gd,Gd,Y,268000
890,6,1505,2,1505,1,1953,1953,1,12160,NAmes,TA,TA,Y,149500
891,5,924,2,672,1,1949,2006,1,8064,NAmes,TA,TA,Y,122900
892,6,1683,2,918,2,1978,1978,1,11184,Sawyer,TA,TA,Y,172500
893,6,1068,1,1059,1,1963,2003,0,8414,Sawyer,TA,TA,Y,154500
894,5,1383,1,1383,1,1954,1954,1,13284,Sawyer,TA,TA,Y,165000
895,5,1535,2,0,2,1979,1979,0,7018,SawyerW,TA,TA,Y,118858
896,6,1796,2,780,1,1963,1963,1,7056,NAmes,TA,TA,Y,140000
897,4,951,1,951,1,1936,1950,0,8765,IDOTRR,TA,TA,N,106500
898,5,2240,2,0,2,1979,1979,0,7018,SawyerW,TA,TA,Y,142953
899,9,2364,3,2330,2,2009,2010,2,12919,NridgHt,Ex,Ex,Y,611657
900,5,1236,1,912,1,1961,1994,1,6993,Sawyer,TA,TA,Y,135000
901,4,858,1,858,1,1971,1971,0,7340,NAmes,TA,TA,Y,110000
902,5,1306,1,992,1,1957,2000,0,8712,NAmes,TA,TA,Y,153000
903,7,1509,2,783,2,2003,2003,1,7875,Gilbert,Gd,Gd,Y,180000
904,7,1670,3,1670,2,2006,2006,1,14859,Gilbert,Gd,Gd,Y,240000
905,5,902,1,876,1,1967,1967,0,6173,Sawyer,TA,TA,Y,125500
906,5,1063,1,1056,1,1954,1954,0,9920,NAmes,TA,TA,Y,128000
907,8,1636,3,1623,2,2006,2006,1,13501,Somerst,Gd,Gd,Y,255000
908,7,2057,1,1017,1,1936,1987,1,11500,Crawfor,Gd,Gd,Y,250000
909,5,902,2,864,1,1983,1983,0,8885,Mitchel,TA,TA,Y,131000
910,6,1484,2,742,2,2005,2005,1,12589,Gilbert,Gd,Gd,Y,174000
911,5,2274,2,1105,2,1960,1960,0,11600,NAmes,TA,TA,Y,154300
912,5,1268,1,1268,1,1977,1989,0,9286,CollgCr,TA,Gd,Y,143500
913,5,1015,1,768,1,1925,1950,0,6120,BrkSide,TA,TA,N,88000
914,5,2002,3,1001,2,1949,1950,0,6270,Crawfor,TA,TA,N,145000
915,6,1224,2,612,2,2009,2009,0,3000,Somerst,Gd,Gd,Y,173733
916,4,1092,1,546,1,1970,1970,0,2001,MeadowV,TA,TA,Y,75000
917,2,480,1,480,0,1949,1950,0,9000,IDOTRR,TA,TA,N,35311
918,4,1229,1,1134,1,1956,1956,0,17140,Edwards,TA,TA,Y,135000
919,7,2127,3,1104,2,1991,1991,1,13125,SawyerW,Gd,Gd,Y,238000
920,6,1414,2,1184,1,1958,2002,1,11029,NAmes,Ex,TA,Y,176500
921,6,1721,2,928,2,1994,1994,0,8462,SawyerW,Gd,Gd,Y,201000
922,5,2200,0,1272,2,1900,2003,0,8777,Edwards,TA,TA,Y,145900
923,6,1316,2,1316,2,2005,2006,1,10237,Gilbert,Gd,Gd,Y,169990
924,6,1617,2,1604,2,1993,1994,1,8012,SawyerW,Gd,Gd,Y,193000
925,6,1686,2,1686,2,1980,1980,1,10240,NWAmes,TA,TA,Y,207500
926,5,1126,2,1126,2,1977,1977,0,15611,NWAmes,TA,Ex,Y,175000
927,8,2374,3,1181,2,2003,2004,1,11999,NridgHt,Gd,Ex,Y,285000
928,7,1978,2,832,2,1968,1968,1,9900,NWAmes,TA,TA,Y,176000
929,8,1788,2,1753,2,2001,2001,1,11838,CollgCr,Gd,Ex,Y,236500
930,7,2236,2,964,2,1997,1997,1,13006,Gilbert,TA,Gd,Y,222000
931,8,1466,3,1466,2,2007,2007,0,8925,Timber,Gd,Gd,Y,201000
932,5,925,1,925,1,1965,1965,0,9100,NAmes,TA,TA,Y,117500
933,9,1905,3,1905,2,2006,2006,1,11670,Somerst,Ex,Ex,Y,320000
934,7,1500,2,1500,2,2004,2004,0,8487,CollgCr,Gd,Gd,Y,190000
935,7,2069,2,585,2,1960,2007,1,27650,NAmes,TA,Gd,Y,242000
936,4,747,2,600,1,1926,1953,0,5825,BrkSide,TA,TA,Y,79900
937,7,1200,2,1176,2,2003,2003,0,10083,SawyerW,Gd,Gd,Y,184900
938,7,1971,2,1113,2,2005,2005,1,9675,Somerst,Gd,Gd,Y,253000
939,7,1962,3,1391,2,2006,2006,0,8760,CollgCr,Gd,Gd,Y,239799
940,7,2403,1,1032,2,1940,1950,2,24090,ClearCr,TA,TA,Y,244400
941,6,1728,2,1728,2,1976,1976,0,12640,Mitchel,TA,TA,Y,150900
942,7,2060,2,992,2,1999,1999,1,8755,Gilbert,Gd,Gd,Y,214000
943,4,1440,0,1440,2,1977,1977,0,7711,Edwards,TA,TA,Y,150000
944,5,1632,2,1632,2,1967,1967,0,25000,Mitchel,TA,TA,Y,143000
945,6,1344,2,819,1,1958,1958,1,14375,Timber,TA,Gd,Y,137500
946,5,1869,2,1088,1,1890,1996,0,8820,OldTown,TA,TA,Y,124900
947,5,1144,1,1144,1,1959,1959,1,8163,NAmes,TA,TA,Y,143000
948,8,1629,3,1616,2,2002,2003,1,14536,Timber,Gd,Gd,Y,270000
949,7,1776,2,936,2,2002,2002,1,14006,CollgCr,Gd,Gd,Y,192500
950,6,1381,2,1161,1,1972,2006,1,9360,NWAmes,TA,Gd,Y,197500
951,5,864,2,864,1,1950,2002,0,7200,NAmes,TA,Gd,Y,129000
952,5,965,1,828,1,1965,1965,0,7800,SawyerW,TA,TA,Y,119900
953,5,768,1,768,1,1972,2003,0,7200,CollgCr,TA,TA,Y,133900
954,5,1968,2,784,2,1969,1969,1,11075,Mitchel,TA,TA,Y,172000
955,6,980,0,945,2,1975,1975,0,9400,Edwards,TA,TA,Y,127500
956,6,1958,2,979,2,1946,1950,0,7136,Crawfor,TA,TA,N,145000
957,6,1229,2,561,1,1980,1980,1,1300,Blueste,TA,TA,Y,124000
958,5,1057,2,1057,1,1962,1962,0,7420,Sawyer,TA,TA,Y,132000
959,7,1337,2,1337,2,2003,2003,0,8450,CollgCr,Gd,Gd,Y,185000
960,7,1416,2,696,2,1999,1999,0,2572,Somerst,Gd,Gd,Y,155000
961,5,858,0,858,1,1958,2008,0,7207,BrkSide,TA,TA,Y,116500
962,6,2872,2,1330,2,1977,1995,1,12227,NWAmes,TA,TA,Y,272000
963,6,1548,2,804,2,1976,1976,1,2308,NPkVill,TA,Gd,Y,155000
964,9,1800,2,1800,2,2007,2007,0,11923,CollgCr,Gd,Ex,Y,239000
965,7,1894,2,817,2,2002,2003,1,11316,Timber,Gd,Gd,Y,214900
966,6,1484,2,783,2,2005,2007,1,10237,Gilbert,Gd,Gd,Y,178900
967,5,1308,1,728,1,1940,1950,2,9600,Crawfor,Gd,TA,Y,160000
968,5,1098,1,1098,1,1955,1955,0,7390,NAmes,TA,TA,Y,135000
969,3,968,0,600,1,1910,1950,0,5925,OldTown,TA,TA,N,37900
970,6,1095,1,588,1,1958,1958,0,10382,NAmes,TA,TA,Y,140000
971,4,1192,0,720,1,1949,1950,0,10800,NAmes,TA,TA,N,135000
972,7,1626,2,764,2,2003,2004,0,2268,NridgHt,Gd,Gd,Y,173000
973,6,918,1,918,2,1979,1979,1,7892,SawyerW,TA,TA,Y,99500
974,7,1428,2,1428,2,2007,2008,0,11639,Somerst,Gd,Gd,Y,182000
975,7,2019,2,728,1,1910,1993,0,11414,BrkSide,TA,Gd,N,167500
976,7,1382,2,673,2,2000,2000,0,2651,Somerst,Gd,Gd,Y,165000
977,4,869,0,440,1,1923,1958,0,5900,BrkSide,TA,Fa,Y,85500
978,7,1241,2,1241,1,2006,2007,0,4274,Somerst,Gd,Gd,Y,199900
979,4,894,2,894,1,1954,1954,0,9450,Edwards,TA,TA,Y,110000
980,5,1121,2,1121,1,1963,1963,0,8816,Sawyer,TA,TA,Y,139000
981,7,999,2,944,1,1961,2007,0,12122,NAmes,Ex,Ex,Y,178400
982,8,2612,3,1225,2,1998,1999,1,12203,NoRidge,Gd,Gd,Y,336000
983,7,1266,2,1266,2,2007,2007,1,3182,Blmngtn,Gd,Gd,Y,159895
984,8,2290,2,1128,2,2002,2002,1,11250,CollgCr,Gd,Gd,Y,255900
985,5,1734,2,0,2,1977,1977,0,10125,Mitchel,TA,Gd,Y,126000
986,5,1164,1,1164,1,1950,1950,0,10880,Edwards,TA,TA,N,125000
987,6,1635,1,485,1,1910,2003,0,5310,OldTown,TA,Gd,Y,117000
988,9,1940,3,1930,2,2009,2010,1,10159,NridgHt,Ex,Ex,Y,395192
989,6,2030,2,848,2,1976,1976,1,12046,NWAmes,TA,Gd,Y,195000
990,7,1576,2,770,2,2006,2006,0,8125,Somerst,Gd,Gd,Y,197000
991,8,2392,3,1396,2,1997,1998,1,9452,NoRidge,Gd,Gd,Y,348000
992,8,1742,2,916,1,1882,1986,1,17671,OldTown,Gd,Gd,Y,168000
993,6,1851,2,822,2,1964,1993,1,9760,NAmes,TA,Gd,Y,187000
994,6,1500,2,750,2,2005,2006,0,8846,CollgCr,TA,Gd,Y,173900
995,10,1718,3,1700,2,2006,2007,1,12456,NridgHt,Ex,Ex,Y,337500
996,4,1230,1,747,1,1946,1950,0,4712,BrkSide,TA,TA,Y,121600
997,5,1050,1,1050,1,1961,1961,0,10659,NAmes,TA,TA,Y,136500
998,6,1442,2,1442,2,1970,1970,1,11717,NWAmes,TA,TA,Y,185000
999,3,1077,1,1007,1,1922,1950,1,9786,IDOTRR,TA,TA,N,91000
1000,7,1208,2,1187,2,2006,2006,0,6762,CollgCr,Gd,Gd,Y,206000
1001,3,944,2,0,1,1952,1952,0,10206,Edwards,TA,Fa,N,82000
1002,5,691,1,691,1,1920,1950,0,5400,OldTown,TA,Ex,Y,86000
1003,8,1574,3,1574,2,2006,2006,1,11957,Somerst,Gd,Gd,Y,232000
1004,5,1680,2,1680,2,1976,1976,0,11500,NWAmes,TA,TA,Y,136905
1005,7,1504,2,1346,2,2005,2006,1,3182,Blmngtn,Gd,Gd,Y,181000
1006,5,985,1,985,2,1977,1977,0,8385,CollgCr,Gd,TA,Y,149900
1007,6,1657,2,1657,2,1970,1970,1,12155,NAmes,TA,TA,Y,163500
1008,4,1092,1,546,1,1970,1970,0,2217,MeadowV,TA,TA,Y,88000
1009,7,1710,2,1710,2,2004,2005,1,12118,Mitchel,Gd,Gd,Y,240000
1010,5,1522,0,1008,2,1926,1950,0,6000,SWISU,TA,TA,Y,102000
1011,5,1271,1,720,2,1948,1950,1,21286,Sawyer,TA,TA,Y,135000
1012,5,1664,0,0,2,1965,1965,0,9825,Edwards,TA,TA,N,100000
1013,6,1502,1,602,1,1923,1996,2,10592,Crawfor,TA,Gd,Y,165000
1014,5,1022,1,1022,1,1910,2006,0,7200,OldTown,TA,TA,N,85000
1015,6,1082,1,1082,1,1948,1950,1,11664,NAmes,TA,TA,Y,119200
1016,8,1665,2,810,2,2001,2001,0,8400,NWAmes,Gd,Gd,Y,227000
1017,7,1504,2,1504,2,1996,1996,1,11883,CollgCr,Gd,Gd,Y,203000
1018,8,1360,2,1220,1,1984,1984,1,5814,StoneBr,Gd,Gd,Y,187500
1019,7,1472,2,384,2,1991,1992,1,10784,Gilbert,Gd,Gd,Y,160000
1020,7,1506,2,1362,2,2005,2005,1,3013,Blmngtn,Gd,Gd,Y,213490
1021,4,1132,2,1132,1,2005,2005,0,7024,Edwards,TA,Gd,Y,176000
1022,7,1220,2,1199,2,2006,2006,0,7406,CollgCr,Gd,Gd,Y,194000
1023,5,1248,1,912,1,1930,1950,0,9439,OldTown,TA,TA,Y,87000
1024,7,1504,2,1346,2,2005,2006,1,3182,Blmngtn,Gd,Gd,Y,191000
1025,8,2898,2,1565,2,1976,1976,1,15498,Timber,Gd,Gd,Y,287000
1026,5,882,2,882,1,1972,1972,0,7700,CollgCr,TA,TA,Y,112500
1027,5,1264,2,1268,1,1960,1960,2,9300,NAmes,TA,TA,Y,167500
1028,8,1646,3,1638,2,2007,2008,1,9520,Timber,Gd,Gd,Y,293077
1029,5,1376,1,768,1,1941,1950,1,9492,NAmes,TA,TA,Y,105000
1030,6,1218,1,672,1,1972,1972,0,1680,BrDale,TA,TA,Y,118000
1031,5,1928,0,686,2,1916,1995,0,7082,SWISU,TA,TA,Y,160000
1032,7,3082,2,824,2,1920,1970,2,15863,SWISU,TA,TA,Y,197000
1033,8,2520,3,1338,2,1993,1993,1,14541,NoRidge,Gd,Gd,Y,310000
1034,7,1654,3,1654,2,2002,2002,0,8125,CollgCr,Gd,Gd,Y,230000
1035,5,954,1,920,1,1938,1950,1,6305,Crawfor,TA,Fa,Y,119750
1036,4,845,1,0,1,1957,1957,0,11500,Edwards,TA,TA,N,84000
1037,9,1620,3,1620,2,2007,2008,1,12898,Timber,Gd,Ex,Y,315500
1038,8,2263,2,1055,2,2001,2002,1,9240,CollgCr,Gd,Gd,Y,287000
1039,4,1344,0,546,1,1970,2008,1,1533,MeadowV,TA,TA,Y,97000
1040,4,630,1,630,1,1970,1970,0,1477,MeadowV,TA,TA,Y,80000
1041,5,1803,2,1134,2,1957,2000,1,13125,Sawyer,TA,TA,Y,155000
1042,6,1632,2,800,1,1966,2000,0,9130,NWAmes,TA,Gd,Y,173000
1043,6,1306,2,1306,2,2005,2005,1,5381,NridgHt,Gd,Gd,Y,196000
1044,7,2329,2,1475,2,1990,1990,1,11839,SawyerW,TA,Gd,Y,262280
1045,8,2524,2,2524,2,1981,1981,1,9600,NWAmes,Gd,Gd,Y,278000
1046,3,1733,2,0,2,1955,1955,1,13680,Edwards,TA,TA,Y,139600
1047,9,2868,3,1992,3,2005,2006,1,16056,StoneBr,Gd,Ex,Y,556581
1048,5,990,2,990,1,1994,1995,0,9245,CollgCr,TA,TA,Y,145000
1049,5,1771,2,0,1,1960,2006,1,21750,Mitchel,TA,TA,Y,115000
1050,4,930,1,0,1,1946,2006,0,11100,Edwards,TA,Gd,Y,84900
1051,7,1302,2,1302,2,2007,2007,0,8993,Gilbert,Gd,Gd,Y,176485
1052,7,1316,2,1316,2,2007,2007,1,11175,CollgCr,Gd,Gd,Y,200141
1053,6,1977,2,816,1,1964,1978,1,9500,NAmes,TA,TA,Y,165000
1054,5,1526,1,1216,1,1957,2002,1,8562,Edwards,TA,TA,Y,144500
1055,8,1989,2,1065,2,2002,2002,1,11367,CollgCr,Gd,Gd,Y,255000
1056,6,1523,2,1193,2,1976,1976,1,11361,NWAmes,TA,TA,Y,180000
1057,7,1364,2,1364,2,2005,2005,1,7052,NridgHt,Gd,Gd,Y,185850
1058,7,1850,2,973,2,1994,1994,1,29959,NoRidge,Gd,Gd,Y,248000
1059,9,2184,3,1104,2,2008,2008,1,11308,NridgHt,Ex,Ex,Y,335000
1060,6,1991,2,854,1,1932,1950,1,11275,Crawfor,TA,TA,Y,220000
1061,8,1338,2,1338,2,2001,2001,0,4920,StoneBr,Gd,Gd,Y,213500
1062,3,894,3,894,1,1935,1950,0,18000,IDOTRR,Fa,TA,Y,81000
1063,5,2337,2,662,2,1900,1950,0,13600,OldTown,TA,TA,N,90000
1064,6,1103,2,1103,1,1925,1980,1,6000,OldTown,TA,Gd,Y,110500
1065,5,1154,2,1154,1,1966,1966,1,11000,NAmes,TA,TA,Y,154000
1066,7,2260,2,1306,2,1996,1997,0,14000,ClearCr,Gd,Gd,Y,328000
1067,6,1571,2,799,2,1993,1994,1,7837,Gilbert,Gd,TA,Y,178000
1068,6,1611,2,780,1,1964,1964,0,9760,NAmes,TA,TA,Y,167900
1069,6,2521,2,942,2,1973,1973,1,3964,MeadowV,TA,TA,Y,151400
1070,5,893,2,845,1,1949,2003,0,9600,NAmes,TA,Gd,Y,135000
1071,5,1048,1,1048,1,1956,1956,0,10152,NAmes,TA,TA,Y,135000
1072,6,1556,2,727,1,1968,1968,0,11700,NWAmes,TA,TA,Y,154000
1073,5,1456,1,810,1,1948,1950,1,7585,Edwards,TA,TA,Y,91500
1074,6,1426,2,690,1,1977,1977,0,7950,Edwards,TA,TA,Y,159500
1075,7,1240,3,1240,2,2006,2006,0,8556,CollgCr,Gd,Gd,Y,194000
1076,7,1740,1,800,1,1940,1984,2,13125,Crawfor,TA,TA,Y,219500
1077,5,1466,2,796,2,1936,1989,1,10800,OldTown,TA,Gd,Y,170000
1078,5,1096,1,1096,1,1969,1969,0,15870,NAmes,TA,TA,Y,138800
1079,6,848,2,848,1,2004,2004,1,4435,CollgCr,Gd,Gd,Y,155900
1080,5,990,1,990,1,1994,1994,0,8775,CollgCr,TA,TA,Y,126000
1081,6,1258,2,1258,2,1971,2004,0,11040,NWAmes,Gd,Gd,Y,145000
1082,5,1040,1,1040,1,1963,1963,0,7500,Sawyer,TA,TA,Y,133000
1083,7,1459,2,1459,2,2002,2002,1,8749,CollgCr,Gd,Gd,Y,192000
1084,6,1251,1,1251,1,1964,1964,2,8800,NAmes,TA,TA,Y,160000
1085,6,1498,2,691,2,1995,1996,1,13031,Gilbert,TA,TA,Y,187500
1086,6,996,2,936,1,1992,1992,0,9069,SawyerW,TA,Gd,Y,147000
1087,4,1092,1,546,1,1973,1973,0,1974,MeadowV,TA,TA,Y,83500
1088,8,1953,3,1082,2,2005,2006,1,10574,Somerst,Gd,Gd,Y,252000
1089,7,1709,2,970,2,2004,2004,0,2522,Edwards,Gd,Gd,Y,137500
1090,8,1247,2,1247,1,2005,2005,1,3316,Somerst,Gd,Gd,Y,197000
1091,3,1040,2,0,2,1950,1950,0,8544,NAmes,TA,TA,N,92900
1092,7,1252,2,600,2,1999,2000,0,2160,Somerst,Gd,Gd,Y,160000
1093,6,1694,2,1181,2,1925,1950,1,8400,SWISU,TA,TA,Y,136500
1094,5,1200,2,864,1,1965,1998,0,9230,NAmes,TA,Gd,Y,146000
1095,5,936,1,936,1,1956,2000,0,5868,NAmes,TA,TA,Y,129000
1096,6,1314,2,1314,2,2006,2006,1,9317,CollgCr,Gd,Gd,Y,176432
1097,6,1355,0,684,1,1914,2006,0,6882,IDOTRR,TA,Gd,Y,127000
1098,8,1088,2,1074,1,1986,1986,0,3696,StoneBr,Gd,Gd,Y,170000
1099,4,1324,1,672,1,1936,1950,0,6000,BrkSide,TA,TA,Y,128000
1100,7,1601,2,1271,2,1978,1978,1,11880,NWAmes,TA,TA,Y,157000
1101,2,438,1,290,1,1920,1950,0,8400,SWISU,TA,Fa,N,60000
1102,5,950,1,950,1,1971,1971,0,9758,NAmes,TA,TA,Y,119500
1103,5,1134,1,1010,1,1960,2002,0,7000,NAmes,TA,TA,Y,135000
1104,6,1194,2,655,1,1959,1959,1,8910,NAmes,TA,TA,Y,159500
1105,5,1302,2,630,2,1970,1970,0,2016,BrDale,TA,TA,Y,106000
1106,8,2622,2,1463,2,1994,1995,2,12256,NoRidge,Gd,Gd,Y,325000
1107,7,1442,2,910,2,1990,1991,1,10357,SawyerW,Gd,Gd,Y,179900
1108,7,2021,2,868,2,2006,2006,1,23257,Gilbert,Gd,Gd,Y,274725
1109,6,1690,2,924,2,2000,2000,1,8063,Gilbert,TA,TA,Y,181000
1110,8,1836,3,1836,2,2004,2005,1,11362,NridgHt,Gd,Gd,Y,280000
1111,6,1658,2,773,2,1995,1996,1,8000,Gilbert,TA,TA,Y,188000
1112,7,1964,2,803,2,1976,1976,1,10480,NWAmes,TA,TA,Y,205000
1113,5,816,1,816,1,1957,1957,0,7100,NAmes,TA,TA,Y,129900
1114,5,1008,1,1008,1,1953,2006,0,8923,NAmes,TA,Gd,Y,134500
1115,5,833,1,833,1,1954,2000,0,5400,OldTown,TA,Gd,Y,117000
1116,8,1734,3,1734,2,2007,2007,1,12085,NridgHt,Gd,Ex,Y,318000
1117,8,1419,2,408,2,2002,2002,1,7750,Gilbert,Gd,Gd,Y,184100
1118,5,894,2,894,1,1967,2003,0,9764,Sawyer,TA,Gd,Y,130000
1119,5,1601,1,533,1,1958,1987,0,13825,Sawyer,TA,TA,Y,140000
1120,5,1040,1,1040,1,1959,1959,0,7560,NAmes,TA,TA,Y,133700
1121,6,1012,1,1012,1,1920,1950,1,8263,IDOTRR,TA,TA,Y,118400
1122,7,1552,3,1552,2,2005,2006,0,10084,CollgCr,Gd,Gd,Y,212900
1123,4,960,1,672,1,1956,1956,0,8926,Edwards,TA,TA,Y,112000
1124,5,698,0,698,1,1947,2008,0,9405,Edwards,TA,TA,Y,118000
1125,7,1482,2,384,2,1992,1992,1,9125,Gilbert,TA,Gd,Y,163900
1126,4,1005,2,1005,1,1955,1955,1,10434,NAmes,TA,Fa,Y,115000
1127,7,1555,3,1373,2,2007,2007,1,3684,Blmngtn,Gd,Gd,Y,174000
1128,7,1530,3,1530,2,2004,2004,1,14572,Gilbert,Gd,Gd,Y,259000
1129,7,1959,2,847,2,2004,2005,1,11796,Gilbert,Gd,Gd,Y,215000
1130,5,936,2,936,1,1980,1980,0,7200,OldTown,TA,TA,Y,140000
1131,4,1981,2,1122,2,1928,1950,2,7804,SWISU,TA,Gd,Y,135000
1132,5,974,0,974,1,1991,1992,0,10712,Mitchel,TA,TA,Y,93500
1133,6,2210,1,1008,2,1880,1950,0,9900,OldTown,TA,Fa,Y,117500
1134,8,2020,2,1128,2,1995,1995,1,9828,SawyerW,Gd,Gd,Y,239500
1135,6,1600,2,916,2,1997,1997,1,8773,Gilbert,TA,TA,Y,169000
1136,6,986,1,960,1,1926,1950,1,6180,BrkSide,TA,TA,N,102000
1137,6,1252,1,1032,1,1950,1950,0,9600,NAmes,TA,TA,Y,119000
1138,5,1020,0,780,1,1875,1996,0,6342,Sawyer,TA,TA,N,94000
1139,6,1567,2,1567,2,1977,1977,2,9819,Mitchel,TA,Gd,Y,196000
1140,5,1167,2,915,1,1920,1950,1,8731,BrkSide,TA,TA,Y,144000
1141,5,952,2,952,1,1951,1951,0,7350,NAmes,TA,TA,Y,139000
1142,5,1868,2,780,2,1976,1976,1,10304,NWAmes,TA,Gd,Y,197500
1143,8,2828,3,1466,3,2006,2007,1,9965,CollgCr,Gd,Gd,Y,424870
1144,5,1006,0,1006,1,1959,1959,0,9000,Sawyer,TA,TA,Y,80000
1145,4,924,1,672,1,1941,1950,0,12180,Edwards,TA,Fa,N,80000
1146,5,1576,1,1042,1,1928,1950,1,6240,BrkSide,TA,TA,Y,149000
1147,6,1298,2,1298,2,1985,1985,1,11200,SawyerW,Gd,Gd,Y,180000
1148,7,1564,1,704,1,1941,1950,1,12000,Crawfor,TA,Fa,Y,174500
1149,7,1111,1,572,1,1926,1950,1,5700,OldTown,TA,TA,Y,116900
1150,7,1482,2,650,1,1920,1988,0,9000,OldTown,TA,TA,Y,143000
1151,6,932,1,932,1,1950,1950,1,8280,NAmes,TA,Gd,Y,124000
1152,5,1466,2,1466,1,1959,1959,2,17755,Edwards,TA,Fa,Y,149900
1153,6,1811,2,1073,1,1956,2004,1,14115,Crawfor,TA,Ex,Y,230000
1154,6,816,1,816,1,1930,2007,0,5890,IDOTRR,Gd,TA,Y,120500
1155,7,1820,2,864,1,1965,1988,2,13700,NAmes,TA,Gd,Y,201800
1156,5,1437,2,1437,2,1976,2004,1,10768,Veenker,Gd,Gd,Y,218000
1157,5,1265,2,1219,2,1965,1999,1,9350,NAmes,TA,Gd,Y,179900
1158,7,1314,2,1314,2,2007,2008,1,5001,NridgHt,Gd,Gd,Y,230000
1159,8,1580,3,1580,2,2007,2008,0,11932,Somerst,Gd,Gd,Y,235128
1160,6,1876,2,901,2,1974,1974,1,9120,NWAmes,Gd,Gd,Y,185000
1161,6,1456,2,855,2,1978,1978,1,2280,NPkVill,TA,TA,Y,146000
1162,6,1640,2,1296,1,1954,2006,1,14778,Crawfor,Gd,Gd,Y,224000
1163,5,894,2,894,1,1968,1968,1,8724,Sawyer,TA,TA,Y,129000
1164,4,1258,2,1198,0,1969,1969,0,12900,Sawyer,TA,TA,Y,108959
1165,5,1432,2,1360,1,1978,1978,1,16157,Veenker,TA,Gd,Y,194000
1166,7,1502,2,1502,2,2009,2009,0,9541,NridgHt,Gd,Gd,Y,233170
1167,8,1694,3,1694,2,2008,2008,0,10475,CollgCr,Gd,Gd,Y,245350
1168,6,1671,2,959,2,2000,2000,1,10852,Gilbert,TA,TA,Y,173000
1169,6,2108,2,1127,2,1935,1986,2,13728,Edwards,TA,Gd,Y,235000
1170,10,3627,3,1930,3,1995,1996,1,35760,NoRidge,Gd,Gd,Y,625000
1171,6,1118,1,1096,1,1977,1977,1,9880,Mitchel,TA,TA,Y,171000
1172,6,1261,2,1261,1,1958,1958,1,9120,NAmes,TA,TA,Y,163000
1173,7,1250,2,625,2,2006,2007,0,4017,Somerst,Gd,Gd,Y,171900
1174,5,3086,0,1598,3,1946,1994,1,18030,ClearCr,TA,Ex,Y,200500
1175,6,2345,2,952,2,1932,1950,1,16560,Crawfor,TA,TA,Y,239000
1176,8,2872,2,1683,2,1992,2000,1,10678,NoRidge,Gd,Gd,Y,285000
1177,5,923,1,876,1,1984,1985,0,6951,Mitchel,TA,TA,Y,119500
1178,6,1224,1,818,1,1926,2004,0,3950,OldTown,TA,TA,Y,115000
1179,5,1343,1,731,1,1921,1950,1,7681,Crawfor,TA,TA,Y,154900
1180,5,1124,0,0,1,1954,1954,1,8335,Edwards,TA,TA,Y,93000
1181,7,2514,2,1216,2,1990,1991,0,11170,Timber,TA,TA,Y,250000
1182,8,1652,2,1600,2,2008,2008,1,5587,Crawfor,Ex,Gd,Y,392500
1183,10,4476,3,2396,3,1996,1996,2,15623,NoRidge,Gd,Ex,Y,745000
1184,5,1130,2,1120,1,1920,1950,1,10800,OldTown,TA,TA,Y,120000
1185,5,1572,3,1572,1,1963,1963,2,35133,Timber,TA,TA,Y,186700
1186,5,1221,1,784,1,1924,1950,0,9738,Edwards,TA,TA,Y,104900
1187,3,1699,2,978,2,1900,1970,0,10615,OldTown,TA,TA,Y,95000
1188,8,1624,3,1624,2,1994,1995,1,12461,NoRidge,Gd,Gd,Y,262000
1189,7,1660,2,831,2,2002,2002,0,8935,CollgCr,Gd,Gd,Y,195000
1190,7,1804,2,994,2,1999,1999,1,7500,Gilbert,TA,Gd,Y,189000
1191,4,1622,4,1249,1,1961,1975,1,32463,Mitchel,TA,TA,Y,168000
1192,8,1441,2,776,2,1999,2000,0,2645,Somerst,Gd,Gd,Y,174000
1193,5,1472,1,702,1,1925,1994,0,9600,OldTown,TA,Gd,Y,125000
1194,6,1224,2,1224,2,1999,1999,0,4500,Mitchel,TA,TA,Y,165000
1195,6,1352,1,663,1,1969,1969,0,9364,Sawyer,TA,TA,Y,158000
1196,6,1456,2,728,2,2005,2005,0,8029,Gilbert,TA,Gd,Y,176000
1197,7,1863,3,879,2,2006,2006,1,14054,Gilbert,Gd,Gd,Y,219210
1198,7,1690,1,815,1,1916,1950,1,8850,OldTown,TA,TA,Y,144000
1199,7,1212,2,1212,2,2001,2001,0,9100,CollgCr,Gd,Gd,Y,178000
1200,4,1382,2,1051,1,1963,1979,1,11235,Sawyer,TA,TA,Y,148000
1201,4,864,1,864,1,1970,1970,0,9353,NAmes,TA,TA,Y,116050
1202,7,1779,2,866,2,1998,1998,0,10400,CollgCr,TA,Gd,Y,197900
1203,5,1348,1,884,1,1925,1997,1,6000,BrkSide,TA,TA,Y,117000
1204,7,1630,2,1630,2,2000,2001,1,9750,CollgCr,Gd,Gd,Y,213000
1205,5,1074,2,1056,1,1975,1975,0,10140,NWAmes,TA,TA,Y,153500
1206,7,2196,3,2158,2,1990,1991,1,14684,SawyerW,Gd,Gd,Y,271900
1207,4,1056,1,1056,1,1966,1966,0,8900,SawyerW,TA,TA,Y,107000
1208,6,1700,2,1682,2,2003,2003,0,9135,CollgCr,Gd,Gd,Y,200000
1209,5,1283,2,931,1,1962,1980,0,7763,NAmes,TA,TA,Y,140000
1210,8,1660,2,1660,2,2006,2006,1,10182,Somerst,Gd,Gd,Y,290000
1211,6,1845,2,1055,2,1992,1992,1,11218,SawyerW,Gd,Gd,Y,189000
1212,8,1752,2,559,2,1988,2005,0,12134,Gilbert,Gd,TA,Y,164000
1213,4,672,1,672,1,1941,1950,0,9340,Edwards,TA,TA,Y,113000
1214,4,960,1,648,0,1965,2001,0,10246,Sawyer,TA,TA,Y,145000
1215,5,999,1,925,1,1962,1962,0,10205,NAmes,TA,TA,Y,134500
1216,5,894,1,894,1,1966,1966,0,7094,Sawyer,TA,TA,Y,125000
1217,6,1902,2,0,2,1978,1978,0,8930,Sawyer,TA,TA,Y,112000
1218,8,1314,2,1300,2,2009,2009,0,8640,Somerst,Gd,Gd,Y,229456
1219,4,912,0,0,1,1947,1950,0,6240,BrkSide,TA,TA,N,80500
1220,6,1218,0,672,1,1971,1971,0,1680,BrDale,TA,TA,Y,91500
1221,5,912,1,912,1,1964,1964,0,7800,NAmes,TA,TA,Y,115000
1222,5,1211,1,952,1,1968,1968,1,8250,Sawyer,TA,TA,Y,134000
1223,6,1846,1,1040,2,1949,1950,1,10496,NAmes,TA,TA,Y,143000
1224,5,2136,2,2136,2,1951,1951,0,10680,NAmes,TA,TA,N,137900
1225,7,1490,2,788,2,2004,2005,1,15384,Gilbert,Gd,Gd,Y,184000
1226,6,1138,1,588,1,1958,1958,0,10482,NAmes,TA,TA,Y,145000
1227,6,1933,3,894,2,2007,2007,1,14598,Somerst,Gd,Gd,Y,214000
1228,5,912,2,912,1,1965,2008,0,8872,NAmes,TA,Gd,Y,147000
1229,9,1702,3,1702,1,2008,2008,1,8769,NridgHt,Ex,Ex,Y,367294
1230,5,1507,1,1075,2,1960,1960,0,7910,NAmes,TA,TA,Y,127000
1231,5,2620,2,1361,2,1977,1977,1,18890,Sawyer,TA,TA,Y,190000
1232,5,1190,2,1106,1,1962,1962,0,7728,NAmes,TA,TA,Y,132500
1233,4,1224,2,0,2,1962,1962,0,9842,NAmes,TA,TA,Y,101800
1234,5,1188,2,1188,1,1959,1959,0,12160,NAmes,TA,TA,Y,142000
1235,5,1964,0,940,1,1911,1950,0,8525,SWISU,TA,TA,N,130000
1236,5,1784,1,747,1,1914,1950,0,13132,Crawfor,TA,TA,Y,138887
1237,7,1626,2,764,2,2003,2003,0,2628,NridgHt,Gd,Gd,Y,175500
1238,7,1948,2,847,2,2004,2005,1,12393,CollgCr,Gd,Gd,Y,195000
1239,6,1141,2,1141,1,2005,2005,0,13072,SawyerW,Gd,TA,Y,142500
1240,8,1484,2,1476,2,2006,2006,1,9037,Timber,Gd,Ex,Y,265900
1241,7,1768,2,884,2,2003,2003,0,8158,CollgCr,Gd,Gd,Y,224900
1242,7,1689,3,1689,2,2007,2007,0,9849,Somerst,Gd,Gd,Y,248328
1243,7,1173,2,1053,2,1974,1974,2,10625,NWAmes,TA,Gd,Y,170000
1244,10,2076,3,2076,2,2006,2006,1,13891,NridgHt,Ex,Ex,Y,465000
1245,8,1517,2,792,1,1929,1950,2,11435,Crawfor,TA,Gd,Y,230000
1246,6,1868,2,585,3,1984,2003,1,12090,NWAmes,TA,TA,Y,178000
1247,7,1553,2,756,2,2005,2006,0,8125,Somerst,Gd,Gd,Y,186500
1248,6,1034,3,1012,1,1976,1976,0,12328,Mitchel,TA,TA,Y,169900
1249,6,2058,2,735,1,1917,1950,1,9600,OldTown,TA,TA,N,129500
1250,5,988,1,876,1,1950,1950,0,7200,NAmes,TA,TA,Y,119000
1251,7,2110,2,2110,2,1968,1968,2,11160,NAmes,Gd,Ex,Y,244000
1252,7,1405,2,1405,2,2003,2003,1,3136,NridgHt,Gd,Gd,Y,171750
1253,5,874,1,864,1,1968,1968,0,9858,Mitchel,TA,TA,Y,130000
1254,7,2167,2,1192,2,1974,2003,2,17542,Veenker,Gd,Gd,Y,294000
1255,7,1656,2,746,2,2003,2004,1,6931,Edwards,Gd,Gd,Y,165400
1256,6,1367,1,884,1,1931,1950,1,6240,BrkSide,TA,TA,Y,127500
1257,8,1987,2,1986,2,1994,1994,1,14303,NoRidge,Gd,Gd,Y,301500
1258,5,864,0,864,1,1922,1950,0,4060,Edwards,TA,TA,Y,99900
1259,7,1166,2,856,2,2005,2005,0,9587,Gilbert,Gd,Gd,Y,190000
1260,6,1054,2,1054,1,1969,1969,0,9750,NAmes,TA,TA,Y,151000
1261,6,1675,2,841,2,1999,1999,1,24682,Gilbert,TA,TA,Y,181000
1262,5,1050,1,1050,1,1956,1956,0,9600,NAmes,TA,TA,Y,128900
1263,4,1788,1,1104,1,1957,1989,2,11250,ClearCr,TA,TA,Y,161500
1264,6,1824,2,764,1,1919,1950,1,13515,BrkSide,TA,TA,Y,180500
1265,6,1337,2,1405,2,1998,1999,0,4060,NAmes,Gd,Gd,Y,181000
1266,7,1452,2,691,2,1999,1999,0,3735,Somerst,Gd,Gd,Y,183900
1267,7,1889,1,925,1,1910,1950,1,10120,OldTown,Fa,TA,N,122000
1268,9,2018,3,2002,2,2008,2009,1,13214,Timber,Ex,Ex,Y,378500
1269,8,3447,3,728,3,1935,1997,2,14100,Crawfor,TA,Gd,Y,381000
1270,5,1524,1,874,1,1958,1958,0,11344,NAmes,TA,TA,Y,144000
1271,7,1524,2,1332,0,1979,1979,1,23595,ClearCr,Gd,Gd,Y,260000
1272,6,1489,2,1489,2,1968,1968,1,9156,NWAmes,TA,Gd,Y,185750
1273,5,935,1,935,1,1965,1965,0,13526,Sawyer,TA,TA,Y,137000
1274,6,1357,1,1019,1,1959,2006,1,11512,Edwards,TA,Ex,Y,177000
1275,5,1250,2,661,2,1910,2003,1,5362,Crawfor,TA,TA,Y,139000
1276,5,1920,2,928,2,1948,1950,0,11345,NAmes,TA,TA,Y,137000
1277,6,1395,2,723,1,1972,1972,1,12936,NWAmes,TA,TA,Y,162000
1278,6,1724,2,1680,1,1967,1976,1,17871,NWAmes,TA,TA,Y,197900
1279,8,2031,2,1128,2,2002,2002,1,9473,CollgCr,Gd,Gd,Y,237000
1280,4,1128,2,698,1,1920,1950,0,7500,IDOTRR,TA,TA,Y,68400
1281,7,1573,2,1573,2,2002,2002,0,9808,CollgCr,Gd,Gd,Y,227000
1282,7,1339,2,1309,2,1990,1990,1,8049,Timber,TA,TA,Y,180000
1283,5,1040,2,1040,2,1977,2008,0,8800,CollgCr,TA,Gd,Y,150500
1284,6,1824,0,912,2,1971,1971,0,9400,Mitchel,TA,TA,Y,139000
1285,6,2447,1,804,2,1919,1990,1,9638,SWISU,TA,Gd,Y,169000
1286,6,1412,1,780,1,1939,1950,1,6000,BrkSide,TA,TA,Y,132500
1287,6,1328,2,1328,1,1963,1963,2,9790,NWAmes,TA,TA,Y,143000
1288,5,1582,2,1624,2,1964,1964,0,36500,ClearCr,TA,TA,Y,190000
1289,8,1659,2,1501,2,2000,2000,1,5664,StoneBr,Gd,Ex,Y,278000
1290,8,1970,3,1085,2,2006,2006,1,11065,NridgHt,Gd,Ex,Y,281000
1291,5,1152,2,1152,1,1964,1964,1,14112,NAmes,TA,TA,Y,180500
1292,5,1302,1,630,2,1972,1972,0,1680,BrDale,TA,TA,Y,119500
1293,5,2372,1,994,2,1892,1965,0,6600,OldTown,TA,TA,N,107500
1294,7,1664,2,832,2,1976,1976,1,10140,NWAmes,TA,TA,Y,162900
1295,5,864,2,864,1,1955,1990,0,8172,Edwards,TA,TA,Y,115000
1296,5,1052,1,1052,1,1968,1968,0,8400,NAmes,TA,TA,Y,138500
1297,5,1128,2,1120,2,1963,1963,0,8700,NAmes,TA,TA,Y,155000
1298,6,1072,2,547,2,2005,2006,0,3675,Edwards,TA,TA,Y,140000
1299,10,5642,2,6110,2,2008,2008,3,63887,Edwards,Ex,Ex,Y,160000
1300,5,1246,1,1246,1,1959,1994,0,7500,NAmes,TA,Gd,Y,154000
1301,7,1983,2,978,2,1999,1999,1,10762,Gilbert,Gd,Gd,Y,225000
1302,6,1494,1,771,1,1942,1950,2,7500,Crawfor,TA,Gd,Y,177500
1303,8,2526,3,1165,2,1994,1994,1,10120,NoRidge,Gd,Gd,Y,290000
1304,7,1616,3,1616,2,2005,2005,0,8688,Somerst,Gd,Gd,Y,232000
1305,7,1708,2,976,2,2004,2004,0,3363,Edwards,Gd,Gd,Y,130000
1306,9,1652,2,1652,2,2006,2007,2,13173,NridgHt,Gd,Ex,Y,325000
1307,7,1368,2,1368,2,2005,2006,1,6955,NridgHt,Gd,Gd,Y,202500
1308,5,990,2,990,1,1994,1995,0,8072,CollgCr,TA,TA,Y,138000
1309,5,1122,2,924,1,1948,2005,0,12000,OldTown,TA,Gd,Y,147000
1310,6,1294,2,1278,2,1991,1991,0,7153,SawyerW,TA,Gd,Y,179200
1311,7,1902,2,1902,2,1959,2002,2,17500,Crawfor,Gd,Ex,Y,335000
1312,7,1274,2,1274,2,2005,2007,0,8814,CollgCr,Gd,Gd,Y,203000
1313,8,2810,2,1453,2,1990,1990,1,9572,NoRidge,Gd,Gd,Y,302000
1314,9,2599,3,1393,2,1999,1999,1,14774,NoRidge,Gd,Gd,Y,333168
1315,4,948,1,948,1,1954,1954,1,8190,Edwards,TA,TA,Y,119000
1316,6,2112,2,952,2,1969,1969,2,11075,NAmes,TA,TA,Y,206900
1317,8,1630,3,1622,2,2008,2008,1,10226,CollgCr,Gd,Ex,Y,295493
1318,7,1352,2,1352,2,2006,2007,1,4230,Somerst,Gd,Gd,Y,208900
1319,8,1787,3,1753,2,2001,2002,1,14781,CollgCr,Gd,Gd,Y,275000
1320,4,948,1,864,1,1954,1954,0,10215,Edwards,TA,TA,Y,111000
1321,6,1478,2,1478,1,1957,1957,2,8400,NAmes,TA,TA,Y,156500
1322,3,720,1,0,1,1949,1950,0,6627,BrkSide,TA,TA,N,72500
1323,7,1923,2,750,2,1992,1992,1,10186,NoRidge,Gd,Gd,Y,190000
1324,4,708,0,420,1,1940,1950,0,5330,BrkSide,Fa,Fa,Y,82500
1325,8,1795,3,1795,2,2006,2007,1,9986,Somerst,Gd,Gd,Y,147000
1326,4,796,0,796,1,1922,1950,0,3636,IDOTRR,TA,TA,N,55000
1327,3,774,0,544,1,1931,2006,0,4270,Edwards,TA,Gd,Y,79000
1328,5,816,1,816,1,1982,2008,1,6600,Mitchel,Gd,Gd,Y,130500
1329,6,2792,2,1510,2,1920,1950,2,10440,OldTown,Gd,TA,Y,256000
1330,7,1632,2,935,2,1998,1998,1,9084,Gilbert,TA,TA,Y,176500
1331,8,1588,3,1588,2,2006,2006,1,10000,Somerst,Gd,Gd,Y,227000
1332,5,954,2,911,1,1976,1976,0,10780,CollgCr,TA,TA,Y,132500
1333,4,816,1,816,1,1938,1958,1,8877,Edwards,TA,TA,Y,100000
1334,5,1360,1,803,1,1938,1995,0,7200,IDOTRR,TA,Gd,Y,125500
1335,5,1365,2,765,1,1970,1970,0,2368,BrDale,TA,TA,Y,125000
1336,6,1334,2,1350,2,1977,1977,1,9650,NWAmes,TA,TA,Y,167900
1337,5,1656,2,1656,2,1973,1973,0,9246,NWAmes,TA,TA,Y,135000
1338,4,693,0,693,1,1941,1950,0,4118,OldTown,TA,Fa,N,52500
1339,7,1861,2,916,2,2002,2002,0,13450,CollgCr,Gd,Gd,Y,200000
1340,5,864,1,864,1,1972,1972,0,9560,CollgCr,TA,TA,Y,128500
1341,4,872,4,858,1,1971,1971,0,8294,NAmes,TA,TA,Y,123000
1342,6,1114,2,1114,1,2003,2004,0,13695,SawyerW,TA,Gd,Y,155000
1343,8,2169,2,1284,2,2002,2002,1,9375,CollgCr,Gd,Gd,Y,228500
1344,6,1913,2,896,1,1928,1950,1,7558,Crawfor,TA,TA,Y,177000
1345,7,1456,2,728,2,2006,2006,1,11103,CollgCr,Gd,Gd,Y,155835
1346,4,960,1,960,1,1920,1950,0,6000,OldTown,TA,Fa,Y,108500
1347,7,2156,2,1568,2,1968,2003,1,20781,NWAmes,TA,TA,Y,262500
1348,8,1776,3,1732,2,2006,2007,1,15306,Timber,Gd,Gd,Y,283463
1349,7,1494,2,1482,2,1998,1998,1,16196,SawyerW,Gd,Gd,Y,215000
1350,8,2358,0,684,2,1872,1987,0,5250,OldTown,TA,TA,N,122000
1351,5,2634,4,1248,2,1969,1969,0,11643,NAmes,TA,TA,Y,200000
1352,6,1716,2,858,1,1962,1962,1,9247,NAmes,TA,TA,Y,171000
1353,6,1176,2,698,1,1937,2000,0,6000,BrkSide,Gd,TA,Y,134900
1354,8,3238,3,2033,2,1995,1996,1,14720,NoRidge,Gd,Gd,Y,410000
1355,7,1865,3,992,2,2000,2000,1,10316,CollgCr,Gd,Gd,Y,235000
1356,7,1920,2,570,3,1968,1992,1,10192,NWAmes,TA,Gd,Y,170000
1357,5,892,1,864,1,1966,1966,0,9477,NAmes,TA,TA,Y,110000
1358,5,1078,2,1078,1,1971,2008,1,12537,NAmes,TA,TA,Y,149900
1359,6,1573,2,756,2,2000,2000,0,2117,Somerst,Gd,Gd,Y,177500
1360,9,1980,3,1980,2,2004,2005,1,16737,NridgHt,Gd,Ex,Y,315000
1361,5,2601,2,612,3,1921,1998,0,9842,SWISU,TA,TA,Y,189000
1362,7,1530,2,1530,2,2005,2005,1,16158,StoneBr,Gd,Gd,Y,260000
1363,4,1738,1,715,2,1920,2007,1,12513,NAmes,TA,TA,Y,104900
1364,6,1412,2,616,2,2006,2007,1,8499,Gilbert,TA,Gd,Y,156932
1365,7,1200,2,600,2,2005,2005,0,3180,Somerst,Gd,Gd,Y,144152
1366,7,1674,2,814,2,2000,2000,0,7500,Somerst,Gd,Gd,Y,216000
1367,7,1790,2,873,2,1999,1999,0,9179,CollgCr,Gd,Gd,Y,193000
1368,5,1475,1,757,2,1977,1977,1,2665,MeadowV,TA,TA,Y,127000
1369,6,848,2,848,1,2003,2004,0,4435,CollgCr,Gd,Gd,Y,144000
1370,8,1668,2,1657,2,2003,2003,1,10635,CollgCr,Gd,Gd,Y,232000
1371,4,1374,1,840,1,1920,1950,0,5400,OldTown,Fa,TA,Y,105000
1372,6,1661,1,992,1,1955,1996,1,9600,NAmes,TA,Gd,Y,165500
1373,7,2097,2,1108,2,1998,1998,1,9750,CollgCr,TA,Gd,Y,274300
1374,10,2633,3,2633,2,2001,2002,2,11400,NoRidge,Ex,Ex,Y,466500
1375,7,1958,3,1026,2,2005,2005,1,10625,Somerst,Gd,Gd,Y,250000
1376,8,1571,3,1571,2,2007,2007,1,10991,Timber,Gd,Gd,Y,239000
1377,6,790,1,768,1,1930,1950,0,6292,SWISU,TA,TA,N,91000
1378,5,1604,2,984,2,1941,1960,0,10998,Edwards,TA,TA,Y,117000
1379,6,987,1,483,1,1973,1973,0,1953,BrDale,TA,TA,Y,83000
1380,5,1394,2,384,2,2006,2007,0,9735,Timber,TA,Gd,Y,167500
1381,3,864,1,864,1,1914,1950,0,8212,Edwards,TA,TA,N,58500
1382,6,2117,2,1205,2,1970,1970,2,12925,NAmes,TA,TA,Y,237500
1383,7,1762,2,596,1,1920,1950,0,7200,OldTown,TA,Gd,Y,157000
1384,5,1416,2,816,2,1918,2007,0,25339,Sawyer,TA,Gd,Y,112000
1385,6,1258,1,560,1,1939,1950,0,9060,Edwards,TA,TA,Y,105000
1386,4,1154,1,796,1,1922,2007,0,5436,IDOTRR,TA,Gd,Y,125500
1387,7,2784,2,1392,3,1978,1978,2,16692,NWAmes,TA,Gd,Y,250000
1388,6,2526,1,714,2,1916,1950,1,8520,OldTown,TA,Gd,N,136000
1389,9,1746,3,1746,2,2006,2007,2,14892,Gilbert,Ex,Ex,Y,377500
1390,6,1218,2,735,1,1941,1950,1,6000,BrkSide,TA,TA,Y,131000
1391,7,1525,2,1525,2,2000,2000,0,9100,CollgCr,Gd,Gd,Y,235000
1392,5,1584,3,1584,2,1967,1967,0,8944,NAmes,TA,TA,Y,124000
1393,5,900,1,864,1,1967,1967,1,7838,NAmes,TA,TA,Y,123000
1394,6,1912,2,482,2,1905,2000,1,10800,OldTown,TA,TA,N,163000
1395,7,1500,3,1356,2,2006,2006,1,4045,Blmngtn,Gd,Gd,Y,246578
1396,8,2482,3,1094,2,2005,2006,1,12665,Timber,Gd,Gd,Y,281213
1397,5,1687,2,747,1,1948,1950,2,57200,Timber,TA,TA,Y,160000
1398,5,1513,1,939,1,1920,2004,0,6120,BrkSide,TA,TA,Y,137500
1399,5,1904,1,1208,1,1950,1982,0,7200,NAmes,TA,TA,Y,138000
1400,6,1608,1,976,2,1925,1990,1,6171,SWISU,TA,Gd,Y,137450
1401,6,1158,1,862,1,1929,1950,1,6000,BrkSide,TA,TA,Y,120000
1402,6,1593,2,839,2,2004,2004,1,7415,Gilbert,TA,TA,Y,193000
1403,7,1294,2,1286,2,2006,2006,1,6762,CollgCr,Gd,Gd,Y,193879
1404,8,1464,3,1485,2,2007,2007,0,15256,Somerst,Gd,Gd,Y,282922
1405,3,1214,3,672,1,1915,1950,0,10410,OldTown,TA,TA,Y,105000
1406,8,1646,2,1594,2,2004,2005,1,3842,Crawfor,Gd,Gd,Y,275000
1407,5,768,2,768,1,1972,2007,0,8445,CollgCr,TA,TA,Y,133000
1408,5,833,0,833,1,1985,1985,0,8780,Mitchel,TA,TA,Y,112000
1409,4,1363,2,622,1,1910,1950,0,7740,OldTown,TA,TA,Y,125500
1410,7,2093,2,791,2,1986,1991,1,20544,NWAmes,TA,TA,Y,215000
1411,7,1840,2,944,2,2001,2001,0,12420,CollgCr,Gd,Gd,Y,230000
1412,6,1668,1,856,1,1950,2005,0,9600,NAmes,TA,TA,Y,140000
1413,4,1040,2,0,2,1949,1950,0,7200,NAmes,TA,TA,N,90000
1414,8,1844,2,1844,2,2005,2006,1,10994,SawyerW,Gd,Gd,Y,257000
1415,6,1848,2,833,1,1923,2000,1,13053,BrkSide,TA,Gd,Y,207000
1416,7,1569,3,1386,2,2007,2007,1,3635,Blmngtn,Gd,Gd,Y,175900
1417,4,2290,2,777,2,1885,1950,0,11340,OldTown,TA,TA,Y,122500
1418,8,2450,3,1284,2,1998,1998,1,16545,NoRidge,Gd,Gd,Y,340000
1419,5,1144,1,1144,1,1963,1963,0,9204,NAmes,TA,TA,Y,124000
1420,6,1844,2,1844,2,1969,1969,1,16381,Crawfor,Gd,Gd,Y,223000
1421,6,1416,2,708,2,1968,1968,1,11700,NWAmes,TA,TA,Y,179900
1422,6,1069,2,1069,2,1977,1977,1,4043,NPkVill,TA,TA,Y,127500
1423,6,848,2,848,1,2003,2003,0,4435,CollgCr,Gd,Gd,Y,136500
1424,6,2201,2,697,2,1966,1966,1,19690,Edwards,Gd,Gd,Y,274970
1425,5,1344,1,1024,1,1958,1983,1,9503,NAmes,TA,TA,Y,144000
1426,6,1252,2,1252,1,1959,1959,0,10721,NAmes,Gd,Gd,Y,142000
1427,7,2127,2,1223,2,1994,1994,2,10944,NoRidge,Gd,Gd,Y,271000
1428,5,1558,1,913,1,1945,1950,1,10930,NAmes,TA,TA,Y,140000
1429,5,804,1,788,1,1940,1992,2,7200,OldTown,TA,Gd,Y,119000
1430,6,1440,2,1440,2,1981,1981,1,12546,NWAmes,Gd,Gd,Y,182900
1431,5,1838,2,732,2,2005,2005,1,21930,Gilbert,Gd,TA,Y,192140
1432,6,958,2,958,2,1976,1976,0,4928,NPkVill,TA,TA,Y,143750
1433,4,968,1,656,2,1927,2007,0,10800,OldTown,TA,TA,Y,64500
1434,6,1792,2,936,2,2000,2000,1,10261,Gilbert,TA,TA,Y,186500
1435,5,1126,2,1126,2,1977,1977,1,17400,Mitchel,TA,TA,Y,160000
1436,6,1537,2,1319,1,1962,2005,1,8400,NAmes,Gd,Gd,Y,174000
1437,4,864,2,864,1,1971,1971,0,9000,NAmes,TA,TA,Y,120500
1438,8,1932,3,1932,2,2008,2008,1,12444,NridgHt,Ex,Ex,Y,394617
1439,6,1236,2,912,1,1957,1996,0,7407,OldTown,TA,TA,Y,149700
1440,7,1725,2,539,2,1979,1979,1,11584,NWAmes,TA,TA,Y,197000
1441,6,2555,2,588,2,1922,1994,1,11526,Crawfor,TA,TA,Y,191000
1442,6,848,2,848,1,2004,2004,1,4426,CollgCr,Gd,Gd,Y,149300
1443,10,2007,3,1017,2,2008,2008,1,11003,Somerst,Ex,Ex,Y,310000
1444,6,952,1,952,1,1916,1950,1,8854,BrkSide,TA,Fa,N,121000
1445,7,1422,2,1422,2,2004,2004,0,8500,CollgCr,Gd,Gd,Y,179600
1446,6,913,1,814,1,1966,1966,0,8400,Sawyer,TA,TA,Y,129000
1447,5,1188,1,1188,1,1962,1962,0,26142,Mitchel,TA,TA,Y,157900
1448,8,2090,2,1220,2,1995,1996,1,10000,CollgCr,Gd,Gd,Y,240000
1449,4,1346,1,560,1,1910,2000,0,11767,Edwards,TA,TA,N,112000
1450,5,630,0,630,1,1970,1970,0,1533,MeadowV,TA,Ex,Y,92000
1451,5,1792,0,896,2,1974,1974,0,9000,NAmes,TA,TA,Y,136000
1452,8,1578,3,1573,2,2008,2009,1,9262,Somerst,Gd,Ex,Y,287090
1453,5,1072,2,547,1,2005,2005,0,3675,Edwards,TA,TA,Y,145000
1454,5,1140,0,1140,1,2006,2006,0,17217,Mitchel,TA,TA,Y,84500
1455,7,1221,2,1221,2,2004,2005,0,7500,Somerst,Gd,Gd,Y,185000
1456,6,1647,2,953,2,1999,2000,1,7917,Gilbert,TA,TA,Y,175000
1457,6,2073,2,1542,2,1978,1988,2,13175,NWAmes,TA,TA,Y,210000
1458,7,2340,1,1152,2,1941,2006,2,9042,Crawfor,Ex,Gd,Y,266500
1459,5,1078,1,1078,1,1950,1996,0,9717,NAmes,TA,Gd,Y,142125
1460,5,1256,1,1256,1,1965,1965,0,9937,Edwards,Gd,TA,Y,147500
